3	Petyr Baelish	214	408	214	408
4	Petyr Baelish	214	408	214	408
5	Petyr Baelish	214	408	214	408
6	Petyr Baelish	214	408	214	408
7	Petyr Baelish	214	408	214	408
8	Petyr Baelish	214	408	214	408
9	Petyr Baelish	214	408	214	408
10	Petyr Baelish	214	408	214	408
11	Petyr Baelish	214	408	214	408
12	Petyr Baelish	214	408	214	408
13	Petyr Baelish	214	408	214	408
14	Petyr Baelish	214	408	248	451
15	Petyr Baelish	248	451	127	464
16	Petyr Baelish	127	464	197	369
17	Petyr Baelish	197	369	197	369
18	Petyr Baelish	197	369	197	369
19	Petyr Baelish	197	369	197	369
20	Petyr Baelish	197	369	214	408
21	Petyr Baelish	214	408	214	408
22	Petyr Baelish	214	408	214	408
23	Petyr Baelish	214	408	214	408
24	Petyr Baelish	214	408	214	408
25	Petyr Baelish	214	408	214	408
26	Petyr Baelish	214	408	279	364
27	Petyr Baelish	279	364	279	364
28	Petyr Baelish	279	364	279	364
29	Petyr Baelish	279	364	279	364
30	Petyr Baelish	279	364	279	364
31	Petyr Baelish	279	364	279	364
32	Petyr Baelish	279	364	279	364
33	Petyr Baelish	214	408	222	412
34	Petyr Baelish	222	412	286	381
35	Petyr Baelish	286	381	211	341
36	Petyr Baelish	211	341	211	341
37	Petyr Baelish	211	341	223	334
38	Petyr Baelish	223	334	223	334
39	Petyr Baelish	223	334	223	334
40	Petyr Baelish	223	334	223	334
41	Petyr Baelish	223	334	215	342
42	Petyr Baelish	215	342	186	297
43	Petyr Baelish	186	297	181	198
44	Petyr Baelish	181	198	181	198
45	Petyr Baelish	181	198	181	198
46	Petyr Baelish	181	198	214	408
47	Petyr Baelish	214	408	214	408
5	Loras Tyrell	214	408	214	408
6	Loras Tyrell	214	408	214	408
7	Loras Tyrell	214	408	214	408
8	Loras Tyrell	214	408	214	408
9	Loras Tyrell	214	408	214	408
10	Loras Tyrell	214	408	214	408
11	Loras Tyrell	214	408	214	408
12	Loras Tyrell	214	408	214	408
13	Loras Tyrell	248	451	248	451
14	Loras Tyrell	248	451	248	451
15	Loras Tyrell	248	451	127	464
16	Loras Tyrell	127	464	127	464
17	Loras Tyrell	127	464	127	464
18	Loras Tyrell	127	464	127	464
19	Loras Tyrell	127	464	214	408
20	Loras Tyrell	214	408	214	408
21	Loras Tyrell	214	408	214	408
22	Loras Tyrell	214	408	214	408
23	Loras Tyrell	214	408	214	408
24	Loras Tyrell	214	408	214	408
25	Loras Tyrell	214	408	214	408
26	Loras Tyrell	214	408	214	408
27	Loras Tyrell	214	408	214	408
28	Loras Tyrell	214	408	214	408
29	Loras Tyrell	214	408	214	408
30	Loras Tyrell	214	408	214	408
31	Loras Tyrell	214	408	214	408
32	Loras Tyrell	214	408	214	408
33	Loras Tyrell	214	408	214	408
34	Loras Tyrell	214	408	214	408
35	Loras Tyrell	214	408	214	408
36	Loras Tyrell	214	408	214	408
37	Loras Tyrell	214	408	214	408
38	Loras Tyrell	214	408	214	408
39	Loras Tyrell	214	408	214	408
40	Loras Tyrell	214	408	214	408
41	Loras Tyrell	214	408	214	408
42	Loras Tyrell	214	408	214	408
43	Loras Tyrell	214	408	214	408
44	Loras Tyrell	214	408	214	408
45	Loras Tyrell	214	408	214	408
46	Loras Tyrell	214	408	214	408
3	Margaery Tyrell	214	408	214	408
4	Margaery Tyrell	214	408	214	408
5	Margaery Tyrell	214	408	214	408
6	Margaery Tyrell	214	408	214	408
7	Margaery Tyrell	214	408	214	408
8	Margaery Tyrell	214	408	214	408
9	Margaery Tyrell	214	408	214	408
10	Margaery Tyrell	214	408	214	408
11	Margaery Tyrell	214	408	214	408
12	Margaery Tyrell	214	408	214	408
13	Margaery Tyrell	248	451	248	451
14	Margaery Tyrell	248	451	248	451
15	Margaery Tyrell	248	451	127	464
16	Margaery Tyrell	127	464	127	464
17	Margaery Tyrell	127	464	127	464
18	Margaery Tyrell	127	464	127	464
19	Margaery Tyrell	127	464	127	464
20	Margaery Tyrell	127	464	214	408
21	Margaery Tyrell	214	408	214	408
22	Margaery Tyrell	214	408	214	408
23	Margaery Tyrell	214	408	214	408
24	Margaery Tyrell	214	408	214	408
25	Margaery Tyrell	214	408	214	408
26	Margaery Tyrell	214	408	214	408
27	Margaery Tyrell	214	408	214	408
28	Margaery Tyrell	214	408	214	408
29	Margaery Tyrell	214	408	214	408
30	Margaery Tyrell	214	408	214	408
31	Margaery Tyrell	214	408	214	408
32	Margaery Tyrell	214	408	214	408
33	Margaery Tyrell	214	408	214	408
34	Margaery Tyrell	214	408	214	408
35	Margaery Tyrell	214	408	214	408
36	Margaery Tyrell	214	408	214	408
37	Margaery Tyrell	214	408	214	408
38	Margaery Tyrell	214	408	214	408
39	Margaery Tyrell	214	408	214	408
40	Margaery Tyrell	214	408	214	408
41	Margaery Tyrell	214	408	214	408
42	Margaery Tyrell	214	408	214	408
43	Margaery Tyrell	214	408	214	408
44	Margaery Tyrell	214	408	214	408
45	Margaery Tyrell	214	408	214	408
46	Margaery Tyrell	214	408	214	408
47	Margaery Tyrell	214	408	214	408
31	Ellaria Sand	214	408	214	408
32	Ellaria Sand	214	408	214	408
33	Ellaria Sand	214	408	214	408
34	Ellaria Sand	214	408	214	408
35	Ellaria Sand	214	408	214	408
36	Ellaria Sand	214	408	214	408
37	Ellaria Sand	214	408	214	408
38	Ellaria Sand	214	408	214	408
39	Ellaria Sand	214	408	214	408
40	Ellaria Sand	214	408	214	408
41	Ellaria Sand	214	408	214	408
42	Ellaria Sand	214	408	270	525
43	Ellaria Sand	270	525	270	525
44	Ellaria Sand	270	525	270	525
45	Ellaria Sand	270	525	270	525
46	Ellaria Sand	270	525	270	525
47	Ellaria Sand	270	525	270	525
48	Ellaria Sand	270	525	270	525
49	Ellaria Sand	270	525	270	525
50	Ellaria Sand	270	525	270	525
8	Meryn Trant	214	408	214	408
9	Meryn Trant	214	408	214	408
10	Meryn Trant	214	408	214	408
11	Meryn Trant	214	408	214	408
12	Meryn Trant	214	408	214	408
13	Meryn Trant	214	408	214	408
14	Meryn Trant	214	408	214	408
15	Meryn Trant	214	408	214	408
16	Meryn Trant	214	408	214	408
17	Meryn Trant	214	408	214	408
18	Meryn Trant	214	408	214	408
19	Meryn Trant	214	408	214	408
20	Meryn Trant	214	408	214	408
21	Meryn Trant	214	408	214	408
22	Meryn Trant	214	408	214	408
23	Meryn Trant	214	408	214	408
24	Meryn Trant	214	408	214	408
25	Meryn Trant	214	408	214	408
26	Meryn Trant	214	408	214	408
27	Meryn Trant	214	408	214	408
28	Meryn Trant	214	408	214	408
29	Meryn Trant	214	408	214	408
30	Meryn Trant	214	408	214	408
31	Meryn Trant	214	408	214	408
32	Meryn Trant	214	408	214	408
33	Meryn Trant	214	408	214	408
34	Meryn Trant	214	408	214	408
35	Meryn Trant	214	408	214	408
36	Meryn Trant	214	408	214	408
37	Meryn Trant	214	408	214	408
38	Meryn Trant	214	408	214	408
39	Meryn Trant	214	408	214	408
40	Meryn Trant	214	408	214	408
41	Meryn Trant	214	408	214	408
42	Meryn Trant	214	408	214	408
43	Meryn Trant	214	408	214	408
44	Meryn Trant	214	408	330	298
45	Meryn Trant	330	298	330	298
46	Meryn Trant	330	298	330	298
47	Meryn Trant	330	298	330	298
48	Meryn Trant	330	298	330	298
49	Meryn Trant	330	298	330	298
50	Meryn Trant	330	298	330	298
22	Thoros of Myr	196	347	196	347
23	Thoros of Myr	196	347	196	347
24	Thoros of Myr	196	347	153	380
25	Thoros of Myr	153	380	153	380
26	Thoros of Myr	153	380	153	380
27	Thoros of Myr	153	380	153	380
12	Jaqen H'ghar	214	408	214	408
13	Jaqen H'ghar	214	408	214	408
14	Jaqen H'ghar	214	408	214	408
15	Jaqen H'ghar	214	408	214	408
16	Jaqen H'ghar	214	408	214	408
17	Jaqen H'ghar	214	408	214	408
18	Jaqen H'ghar	214	408	197	369
19	Jaqen H'ghar	197	369	197	369
20	Jaqen H'ghar	197	369	197	369
21	Jaqen H'ghar	197	369	197	369
22	Jaqen H'ghar	197	369	197	369
23	Jaqen H'ghar	197	369	197	369
24	Jaqen H'ghar	197	369	197	369
25	Jaqen H'ghar	197	369	197	369
26	Jaqen H'ghar	197	369	197	369
27	Jaqen H'ghar	197	369	197	369
28	Jaqen H'ghar	197	369	197	369
29	Jaqen H'ghar	197	369	197	369
30	Jaqen H'ghar	197	369	197	369
31	Jaqen H'ghar	197	369	197	369
32	Jaqen H'ghar	197	369	197	369
33	Jaqen H'ghar	197	369	197	369
34	Jaqen H'ghar	197	369	197	369
35	Jaqen H'ghar	197	369	197	369
36	Jaqen H'ghar	197	369	197	369
37	Jaqen H'ghar	197	369	197	369
38	Jaqen H'ghar	197	369	197	369
39	Jaqen H'ghar	197	369	197	369
40	Jaqen H'ghar	197	369	197	369
41	Jaqen H'ghar	197	369	197	369
42	Jaqen H'ghar	197	369	330	298
23	Brynden Tully	160	353	160	353
24	Brynden Tully	160	353	160	353
25	Brynden Tully	160	353	160	353
26	Brynden Tully	160	353	160	353
27	Brynden Tully	160	353	160	353
28	Brynden Tully	160	353	160	353
29	Brynden Tully	160	353	167	314
22	Olenna Tyrell	214	408	214	408
23	Olenna Tyrell	214	408	214	408
24	Olenna Tyrell	214	408	214	408
25	Olenna Tyrell	214	408	214	408
26	Olenna Tyrell	214	408	214	408
27	Olenna Tyrell	214	408	214	408
28	Olenna Tyrell	214	408	214	408
29	Olenna Tyrell	214	408	214	408
30	Olenna Tyrell	214	408	214	408
31	Olenna Tyrell	214	408	214	408
32	Olenna Tyrell	214	408	214	408
33	Olenna Tyrell	214	408	214	408
34	Olenna Tyrell	214	408	127	464
35	Olenna Tyrell	127	464	127	464
36	Olenna Tyrell	127	464	127	464
37	Olenna Tyrell	127	464	127	464
38	Olenna Tyrell	127	464	127	464
39	Olenna Tyrell	127	464	127	464
40	Olenna Tyrell	127	464	127	464
41	Olenna Tyrell	127	464	127	464
42	Olenna Tyrell	127	464	127	464
43	Olenna Tyrell	127	464	127	464
44	Olenna Tyrell	127	464	127	464
45	Olenna Tyrell	127	464	127	464
46	Olenna Tyrell	127	464	214	408
47	Olenna Tyrell	214	408	214	408
6	Beric Dondarrion	214	408	214	408
7	Beric Dondarrion	214	408	214	408
8	Beric Dondarrion	214	408	214	408
9	Beric Dondarrion	214	408	214	408
10	Beric Dondarrion	214	408	214	408
11	Beric Dondarrion	214	408	214	408
12	Beric Dondarrion	214	408	214	408
13	Beric Dondarrion	214	408	214	408
14	Beric Dondarrion	214	408	214	408
15	Beric Dondarrion	214	408	214	408
16	Beric Dondarrion	214	408	214	408
17	Beric Dondarrion	214	408	214	408
18	Beric Dondarrion	214	408	214	408
19	Beric Dondarrion	214	408	214	408
20	Beric Dondarrion	214	408	214	408
21	Beric Dondarrion	214	408	214	408
22	Beric Dondarrion	214	408	214	408
23	Beric Dondarrion	214	408	214	408
24	Beric Dondarrion	214	408	153	380
25	Beric Dondarrion	153	380	153	380
26	Beric Dondarrion	153	380	153	380
27	Beric Dondarrion	153	380	153	380
9	Shae	178	350	178	350
10	Shae	178	350	178	350
11	Shae	178	350	214	408
12	Shae	214	408	214	408
13	Shae	214	408	214	408
14	Shae	214	408	214	408
15	Shae	214	408	214	408
16	Shae	214	408	214	408
17	Shae	214	408	214	408
18	Shae	214	408	214	408
19	Shae	214	408	214	408
20	Shae	214	408	214	408
21	Shae	214	408	214	408
22	Shae	214	408	214	408
23	Shae	214	408	214	408
24	Shae	214	408	214	408
25	Shae	214	408	214	408
26	Shae	214	408	214	408
27	Shae	214	408	214	408
28	Shae	214	408	214	408
29	Shae	214	408	214	408
30	Shae	214	408	214	408
31	Shae	214	408	214	408
32	Shae	214	408	214	408
33	Shae	214	408	214	408
34	Shae	214	408	214	408
35	Shae	214	408	214	408
36	Shae	214	408	214	408
37	Shae	214	408	214	408
38	Shae	214	408	214	408
39	Shae	214	408	214	408
40	Shae	214	408	214	408
41	Shae	214	408	214	408
42	Shae	214	408	214	408
43	Shae	214	408	214	408
44	Shae	214	408	214	408
45	Shae	214	408	214	408
46	Shae	214	408	214	408
47	Shae	214	408	214	408
48	Shae	214	408	214	408
49	Shae	214	408	214	408
50	Shae	214	408	214	408
31	Oberyn Martell	270	525	214	408
32	Oberyn Martell	214	408	214	408
33	Oberyn Martell	214	408	214	408
34	Oberyn Martell	214	408	214	408
35	Oberyn Martell	214	408	214	408
36	Oberyn Martell	214	408	214	408
37	Oberyn Martell	214	408	214	408
38	Oberyn Martell	214	408	214	408
21	Qyburn	111	379	197	369
22	Qyburn	197	369	197	369
23	Qyburn	197	369	197	369
24	Qyburn	197	369	197	369
25	Qyburn	197	369	197	369
26	Qyburn	197	369	197	369
27	Qyburn	197	369	197	369
28	Qyburn	197	369	197	369
29	Qyburn	197	369	197	369
30	Qyburn	197	369	214	408
31	Qyburn	214	408	214	408
32	Qyburn	214	408	214	408
33	Qyburn	214	408	214	408
34	Qyburn	214	408	214	408
35	Qyburn	214	408	214	408
36	Qyburn	214	408	214	408
37	Qyburn	214	408	214	408
38	Qyburn	214	408	214	408
39	Qyburn	214	408	214	408
40	Qyburn	214	408	214	408
41	Qyburn	214	408	214	408
42	Qyburn	214	408	214	408
43	Qyburn	214	408	214	408
44	Qyburn	214	408	214	408
45	Qyburn	214	408	214	408
46	Qyburn	214	408	214	408
47	Qyburn	214	408	214	408
48	Qyburn	214	408	214	408
49	Qyburn	214	408	214	408
50	Qyburn	214	408	214	408
22	Locke	197	369	212	382
23	Locke	212	382	210	368
24	Locke	210	368	208	368
25	Locke	208	369	197	369
26	Locke	197	369	197	369
27	Locke	197	369	197	369
28	Locke	197	369	197	369
29	Locke	197	369	197	369
30	Locke	197	369	197	369
31	Locke	197	369	197	369
32	Locke	197	369	233	192
33	Locke	233	192	233	192
34	Locke	233	192	215	121
35	Locke	215	121	200	99
22	Meera Reed	181	198	183	179
23	Meera Reed	183	179	183	179
24	Meera Reed	183	179	183	179
25	Meera Reed	183	179	183	179
26	Meera Reed	183	179	190	158
27	Meera Reed	190	158	193	144
28	Meera Reed	193	144	193	144
29	Meera Reed	193	144	209	135
30	Meera Reed	209	135	209	123
31	Meera Reed	209	123	209	123
32	Meera Reed	209	123	205	109
33	Meera Reed	205	109	205	109
34	Meera Reed	205	109	200	99
35	Meera Reed	200	99	200	99
36	Meera Reed	200	99	200	99
37	Meera Reed	200	99	200	99
38	Meera Reed	200	99	200	99
39	Meera Reed	200	99	200	99
40	Meera Reed	200	99	190	67
22	Jojen Reed	181	198	183	179
23	Jojen Reed	183	179	183	179
24	Jojen Reed	183	179	183	179
25	Jojen Reed	183	179	183	179
26	Jojen Reed	183	179	190	158
27	Jojen Reed	190	158	193	144
28	Jojen Reed	193	144	193	144
29	Jojen Reed	193	144	209	135
30	Jojen Reed	209	135	209	123
31	Jojen Reed	209	123	209	123
32	Jojen Reed	209	123	205	109
33	Jojen Reed	205	109	205	109
34	Jojen Reed	205	109	200	99
35	Jojen Reed	200	99	200	99
36	Jojen Reed	200	99	200	99
37	Jojen Reed	200	99	200	99
38	Jojen Reed	200	99	200	99
39	Jojen Reed	200	99	200	99
40	Jojen Reed	200	99	190	67
22	Ramsay Bolton	233	192	181	198
23	Ramsay Bolton	181	198	181	198
24	Ramsay Bolton	181	198	181	198
25	Ramsay Bolton	181	198	181	198
26	Ramsay Bolton	181	198	181	198
27	Ramsay Bolton	181	198	233	192
28	Ramsay Bolton	233	192	233	192
29	Ramsay Bolton	233	192	233	192
30	Ramsay Bolton	233	192	233	192
31	Ramsay Bolton	233	192	233	192
32	Ramsay Bolton	233	192	233	192
33	Ramsay Bolton	233	192	233	192
34	Ramsay Bolton	233	192	233	192
35	Ramsay Bolton	233	192	233	192
36	Ramsay Bolton	233	192	233	192
37	Ramsay Bolton	233	192	233	192
38	Ramsay Bolton	233	192	233	192
39	Ramsay Bolton	233	192	233	192
40	Ramsay Bolton	233	192	233	192
41	Ramsay Bolton	233	192	233	192
42	Ramsay Bolton	233	192	233	192
43	Ramsay Bolton	233	192	181	198
44	Ramsay Bolton	181	198	181	198
45	Ramsay Bolton	181	198	181	198
46	Ramsay Bolton	181	198	181	198
47	Ramsay Bolton	181	198	181	198
48	Ramsay Bolton	181	198	181	198
49	Ramsay Bolton	181	198	181	198
50	Ramsay Bolton	181	198	181	198
14	Talisa Maegyr	167	352	111	379
15	Talisa Maegyr	111	379	111	379
16	Talisa Maegyr	111	379	111	379
17	Talisa Maegyr	111	379	111	379
18	Talisa Maegyr	111	379	111	379
19	Talisa Maegyr	111	379	111	379
20	Talisa Maegyr	111	379	111	379
21	Talisa Maegyr	111	379	197	369
22	Talisa Maegyr	197	369	177	360
23	Talisa Maegyr	177	360	160	353
24	Talisa Maegyr	160	353	160	353
25	Talisa Maegyr	160	353	160	353
26	Talisa Maegyr	160	353	160	353
27	Talisa Maegyr	160	353	165	328
28	Talisa Maegyr	165	328	165	328
29	Talisa Maegyr	165	328	167	314
1	Daenerys Targaryen	332	406	332	406
2	Daenerys Targaryen	332	406	448	407
3	Daenerys Targaryen	448	407	618	400
4	Daenerys Targaryen	618	400	759	373
5	Daenerys Targaryen	759	373	759	373
6	Daenerys Targaryen	759	373	759	373
7	Daenerys Targaryen	759	373	733	421
8	Daenerys Targaryen	733	421	729	490
9	Daenerys Targaryen	729	490	744	499
10	Daenerys Targaryen	744	499	744	499
11	Daenerys Targaryen	744	499	810	540
12	Daenerys Targaryen	810	540	810	540
13	Daenerys Targaryen	810	540	810	540
14	Daenerys Targaryen	810	540	818	597
15	Daenerys Targaryen	818	597	818	597
16	Daenerys Targaryen	818	597	818	597
17	Daenerys Targaryen	818	597	818	597
18	Daenerys Targaryen	818	597	818	597
19	Daenerys Targaryen	818	597	818	597
20	Daenerys Targaryen	818	597	818	597
21	Daenerys Targaryen	818	597	616	556
22	Daenerys Targaryen	616	556	616	556
23	Daenerys Targaryen	616	556	616	556
24	Daenerys Targaryen	616	556	616	556
25	Daenerys Targaryen	616	556	625	540
26	Daenerys Targaryen	625	540	625	540
27	Daenerys Targaryen	625	540	627	524
28	Daenerys Targaryen	627	524	627	524
29	Daenerys Targaryen	627	524	627	524
30	Daenerys Targaryen	627	524	627	524
31	Daenerys Targaryen	627	524	634	510
32	Daenerys Targaryen	634	510	634	510
33	Daenerys Targaryen	634	510	637	504
34	Daenerys Targaryen	637	504	638	499
35	Daenerys Targaryen	638	499	638	499
36	Daenerys Targaryen	638	499	638	499
37	Daenerys Targaryen	638	499	638	499
38	Daenerys Targaryen	638	499	638	499
39	Daenerys Targaryen	638	499	638	499
40	Daenerys Targaryen	638	499	638	499
41	Daenerys Targaryen	638	499	638	499
42	Daenerys Targaryen	638	499	638	499
43	Daenerys Targaryen	638	499	638	499
44	Daenerys Targaryen	638	499	638	499
45	Daenerys Targaryen	638	499	638	499
46	Daenerys Targaryen	638	499	638	499
47	Daenerys Targaryen	638	499	638	499
48	Daenerys Targaryen	638	499	638	499
49	Daenerys Targaryen	638	499	638	499
50	Daenerys Targaryen	638	499	647	445
25	Grey Worm	616	556	625	540
26	Grey Worm	625	540	625	540
27	Grey Worm	625	540	627	524
28	Grey Worm	627	524	627	524
29	Grey Worm	627	524	627	524
30	Grey Worm	627	524	627	524
31	Grey Worm	627	524	634	510
32	Grey Worm	634	510	634	510
33	Grey Worm	634	510	637	504
34	Grey Worm	637	504	638	499
35	Grey Worm	638	499	638	499
36	Grey Worm	638	499	638	499
37	Grey Worm	638	499	638	499
38	Grey Worm	638	499	638	499
39	Grey Worm	638	499	638	499
40	Grey Worm	638	499	638	499
41	Grey Worm	638	499	638	499
42	Grey Worm	638	499	638	499
43	Grey Worm	638	499	638	499
44	Grey Worm	638	499	638	499
45	Grey Worm	638	499	638	499
46	Grey Worm	638	499	638	499
47	Grey Worm	638	499	638	499
48	Grey Worm	638	499	638	499
49	Grey Worm	638	499	638	499
50	Grey Worm	638	499	638	499
14	Roose Bolton	168	352	111	379
15	Roose Bolton	111	379	111	379
16	Roose Bolton	111	379	111	379
17	Roose Bolton	111	379	111	379
18	Roose Bolton	111	379	111	379
19	Roose Bolton	111	379	111	379
20	Roose Bolton	111	379	111	379
21	Roose Bolton	111	379	197	369
22	Roose Bolton	197	369	197	369
23	Roose Bolton	197	369	197	369
24	Roose Bolton	197	369	197	369
25	Roose Bolton	197	369	197	369
26	Roose Bolton	197	369	197	369
27	Roose Bolton	197	369	197	369
28	Roose Bolton	197	369	197	369
29	Roose Bolton	197	369	167	314
30	Roose Bolton	167	314	167	314
31	Roose Bolton	167	314	167	314
32	Roose Bolton	167	314	233	192
33	Roose Bolton	233	192	233	192
34	Roose Bolton	233	192	233	192
35	Roose Bolton	233	192	233	192
36	Roose Bolton	233	192	233	192
37	Roose Bolton	233	192	233	192
38	Roose Bolton	233	192	181	198
39	Roose Bolton	181	198	181	198
40	Roose Bolton	181	198	181	198
41	Roose Bolton	181	198	181	198
42	Roose Bolton	181	198	181	198
43	Roose Bolton	181	198	181	198
44	Roose Bolton	181	198	181	198
45	Roose Bolton	181	198	181	198
46	Roose Bolton	181	198	181	198
47	Roose Bolton	181	198	181	198
48	Roose Bolton	181	198	181	198
12	Podrick Payne	214	408	214	408
13	Podrick Payne	214	408	214	408
14	Podrick Payne	214	408	214	408
15	Podrick Payne	214	408	214	408
16	Podrick Payne	214	408	214	408
17	Podrick Payne	214	408	214	408
18	Podrick Payne	214	408	214	408
19	Podrick Payne	214	408	214	408
20	Podrick Payne	214	408	214	408
21	Podrick Payne	214	408	214	408
22	Podrick Payne	214	408	214	408
23	Podrick Payne	214	408	214	408
24	Podrick Payne	214	408	214	408
25	Podrick Payne	214	408	214	408
26	Podrick Payne	214	408	214	408
27	Podrick Payne	214	408	214	408
28	Podrick Payne	214	408	214	408
29	Podrick Payne	214	408	214	408
30	Podrick Payne	214	408	214	408
31	Podrick Payne	214	408	214	408
32	Podrick Payne	214	408	214	408
33	Podrick Payne	214	408	214	408
34	Podrick Payne	214	408	214	408
35	Podrick Payne	214	408	208	375
36	Podrick Payne	208	375	208	375
37	Podrick Payne	208	375	196	347
38	Podrick Payne	196	347	196	347
39	Podrick Payne	196	347	196	347
40	Podrick Payne	196	347	215	345
41	Podrick Payne	215	345	215	345
42	Podrick Payne	215	345	223	334
43	Podrick Payne	223	334	223	334
44	Podrick Payne	223	334	223	334
45	Podrick Payne	223	334	184	215
46	Podrick Payne	184	215	184	215
47	Podrick Payne	184	215	181	198
48	Podrick Payne	181	198	181	198
49	Podrick Payne	181	198	181	198
50	Podrick Payne	181	198	189	191
13	Brienne of Tarth	191	425	191	425
14	Brienne of Tarth	191	425	191	425
15	Brienne of Tarth	191	425	191	425
16	Brienne of Tarth	191	425	191	425
17	Brienne of Tarth	191	425	191	425
18	Brienne of Tarth	191	425	185	413
19	Brienne of Tarth	185	413	185	413
20	Brienne of Tarth	185	413	194	409
21	Brienne of Tarth	194	409	194	409
22	Brienne of Tarth	194	409	203	407
23	Brienne of Tarth	203	407	203	398
24	Brienne of Tarth	203	398	202	386
25	Brienne of Tarth	202	386	197	369
26	Brienne of Tarth	197	369	197	369
27	Brienne of Tarth	197	369	197	369
28	Brienne of Tarth	197	369	197	369
29	Brienne of Tarth	197	369	197	369
30	Brienne of Tarth	197	369	214	408
31	Brienne of Tarth	214	408	214	408
32	Brienne of Tarth	214	408	214	408
33	Brienne of Tarth	214	408	214	408
34	Brienne of Tarth	214	408	214	408
35	Brienne of Tarth	214	408	208	375
36	Brienne of Tarth	208	375	208	375
37	Brienne of Tarth	208	375	196	347
38	Brienne of Tarth	196	347	196	347
39	Brienne of Tarth	196	347	196	347
40	Brienne of Tarth	196	347	215	345
41	Brienne of Tarth	215	345	215	345
42	Brienne of Tarth	215	345	223	334
43	Brienne of Tarth	223	334	223	334
44	Brienne of Tarth	223	334	223	334
45	Brienne of Tarth	223	334	184	215
46	Brienne of Tarth	184	215	184	215
47	Brienne of Tarth	184	215	181	198
48	Brienne of Tarth	181	198	181	198
49	Brienne of Tarth	181	198	181	198
50	Brienne of Tarth	181	198	189	191
1	Tyrion Lannister	181	198	181	198
2	Tyrion Lannister	181	198	201	161
3	Tyrion Lannister	201	161	215	121
4	Tyrion Lannister	215	121	196	347
5	Tyrion Lannister	196	347	223	334
6	Tyrion Lannister	223	334	223	334
7	Tyrion Lannister	223	334	223	334
8	Tyrion Lannister	223	334	178	350
9	Tyrion Lannister	178	350	178	350
10	Tyrion Lannister	178	350	178	350
11	Tyrion Lannister	178	350	214	408
12	Tyrion Lannister	214	408	214	408
13	Tyrion Lannister	214	408	214	408
14	Tyrion Lannister	214	408	214	408
15	Tyrion Lannister	214	408	214	408
16	Tyrion Lannister	214	408	214	408
17	Tyrion Lannister	214	408	214	408
18	Tyrion Lannister	214	408	214	408
19	Tyrion Lannister	214	408	214	408
20	Tyrion Lannister	214	408	214	408
21	Tyrion Lannister	214	408	214	408
22	Tyrion Lannister	214	408	214	408
23	Tyrion Lannister	214	408	214	408
24	Tyrion Lannister	214	408	214	408
25	Tyrion Lannister	214	408	214	408
26	Tyrion Lannister	214	408	214	408
27	Tyrion Lannister	214	408	214	408
28	Tyrion Lannister	214	408	214	408
29	Tyrion Lannister	214	408	214	408
30	Tyrion Lannister	214	408	214	408
31	Tyrion Lannister	214	408	214	408
32	Tyrion Lannister	214	408	214	408
33	Tyrion Lannister	214	408	214	408
34	Tyrion Lannister	214	408	214	408
35	Tyrion Lannister	214	408	214	408
36	Tyrion Lannister	214	408	214	408
37	Tyrion Lannister	214	408	214	408
38	Tyrion Lannister	214	408	214	408
39	Tyrion Lannister	214	408	214	408
40	Tyrion Lannister	214	408	214	408
41	Tyrion Lannister	214	408	332	406
42	Tyrion Lannister	332	406	444	534
43	Tyrion Lannister	444	534	444	534
44	Tyrion Lannister	444	534	464	581
45	Tyrion Lannister	464	581	528	596
46	Tyrion Lannister	528	596	547	587
47	Tyrion Lannister	547	587	638	499
48	Tyrion Lannister	638	499	638	499
49	Tyrion Lannister	638	499	638	499
50	Tyrion Lannister	638	499	638	499
21	Missandei	616	556	616	556
22	Missandei	616	556	616	556
23	Missandei	616	556	616	556
24	Missandei	616	556	616	556
25	Missandei	616	556	625	540
26	Missandei	625	540	625	540
27	Missandei	625	540	627	524
28	Missandei	627	524	627	524
29	Missandei	627	524	627	524
30	Missandei	627	524	627	524
31	Missandei	627	524	634	510
32	Missandei	634	510	634	510
33	Missandei	634	510	637	504
34	Missandei	637	504	638	499
35	Missandei	638	499	638	499
36	Missandei	638	499	638	499
37	Missandei	638	499	638	499
38	Missandei	638	499	638	499
39	Missandei	638	499	638	499
40	Missandei	638	499	638	499
41	Missandei	638	499	638	499
42	Missandei	638	499	638	499
43	Missandei	638	499	638	499
44	Missandei	638	499	638	499
45	Missandei	638	499	638	499
46	Missandei	638	499	638	499
47	Missandei	638	499	638	499
48	Missandei	638	499	638	499
49	Missandei	638	499	638	499
50	Missandei	638	499	638	499
10	Drogon	744	499	744	499
11	Drogon	744	499	810	540
12	Drogon	810	540	810	540
13	Drogon	810	540	810	540
14	Drogon	810	540	818	597
15	Drogon	818	597	818	597
16	Drogon	818	597	818	597
17	Drogon	818	597	818	597
18	Drogon	818	597	818	597
19	Drogon	818	597	818	597
20	Drogon	818	597	818	597
21	Drogon	818	597	616	556
22	Drogon	616	556	616	556
23	Drogon	616	556	616	556
24	Drogon	616	556	616	556
25	Drogon	616	556	625	540
26	Drogon	625	540	625	540
27	Drogon	625	540	627	524
28	Drogon	627	524	627	524
29	Drogon	627	524	627	524
30	Drogon	627	524	627	524
31	Drogon	627	524	634	510
32	Drogon	634	510	634	510
33	Drogon	634	510	637	504
34	Drogon	637	504	638	499
35	Drogon	638	499	567	518
36	Drogon	567	518	567	518
37	Drogon	567	518	567	518
38	Drogon	567	518	567	518
39	Drogon	567	518	567	518
40	Drogon	567	518	567	518
41	Drogon	567	518	567	518
42	Drogon	567	518	638	499
43	Drogon	638	499	638	499
44	Drogon	638	499	638	499
45	Drogon	638	499	527	596
46	Drogon	527	596	527	596
47	Drogon	527	596	527	596
48	Drogon	527	596	527	596
49	Drogon	527	596	638	499
50	Drogon	638	499	647	445
28	Daario Naharis	627	524	627	524
29	Daario Naharis	627	524	627	524
30	Daario Naharis	627	524	627	524
31	Daario Naharis	627	524	634	510
32	Daario Naharis	634	510	634	510
33	Daario Naharis	634	510	637	504
34	Daario Naharis	637	504	638	499
35	Daario Naharis	638	499	638	499
36	Daario Naharis	638	499	638	499
37	Daario Naharis	638	499	625	514
38	Daario Naharis	625	514	625	514
39	Daario Naharis	625	514	625	514
40	Daario Naharis	625	514	625	514
41	Daario Naharis	625	514	638	499
42	Daario Naharis	638	499	638	499
43	Daario Naharis	638	499	638	499
44	Daario Naharis	638	499	638	499
45	Daario Naharis	638	499	638	499
46	Daario Naharis	638	499	638	499
47	Daario Naharis	638	499	638	499
48	Daario Naharis	638	499	638	499
49	Daario Naharis	638	499	638	499
50	Daario Naharis	638	499	638	499
25	Shireen Baratheon	264	383	264	383
26	Shireen Baratheon	264	383	264	383
27	Shireen Baratheon	264	383	264	383
28	Shireen Baratheon	264	383	264	383
29	Shireen Baratheon	264	383	264	383
30	Shireen Baratheon	264	383	264	383
31	Shireen Baratheon	264	383	264	383
32	Shireen Baratheon	264	383	264	383
33	Shireen Baratheon	264	383	264	383
34	Shireen Baratheon	264	383	264	383
35	Shireen Baratheon	264	383	264	383
36	Shireen Baratheon	264	383	264	383
37	Shireen Baratheon	264	383	264	383
38	Shireen Baratheon	264	383	264	383
39	Shireen Baratheon	264	383	264	383
40	Shireen Baratheon	264	383	215	121
41	Shireen Baratheon	215	121	215	121
42	Shireen Baratheon	215	121	215	121
43	Shireen Baratheon	215	121	215	121
44	Shireen Baratheon	215	121	215	121
45	Shireen Baratheon	215	121	215	121
46	Shireen Baratheon	215	121	214	132
47	Shireen Baratheon	214	132	214	138
48	Shireen Baratheon	214	138	195	174
49	Shireen Baratheon	195	174	195	174
11	Melisandre	264	383	264	383
12	Melisandre	264	383	264	383
13	Melisandre	264	383	264	383
14	Melisandre	264	383	248	451
15	Melisandre	248	451	248	451
16	Melisandre	248	451	248	451
17	Melisandre	248	451	248	451
18	Melisandre	248	451	248	451
19	Melisandre	248	451	248	451
20	Melisandre	264	383	264	383
21	Melisandre	264	383	264	383
22	Melisandre	264	383	264	383
23	Melisandre	264	383	183	352
24	Melisandre	183	352	183	352
25	Melisandre	183	352	183	352
26	Melisandre	264	383	264	383
27	Melisandre	183	352	230	408
28	Melisandre	214	408	264	383
29	Melisandre	264	383	264	383
30	Melisandre	264	383	264	383
31	Melisandre	264	383	264	383
32	Melisandre	264	383	264	383
33	Melisandre	264	383	264	383
34	Melisandre	264	383	264	383
35	Melisandre	264	383	264	383
36	Melisandre	264	383	264	383
37	Melisandre	264	383	264	383
38	Melisandre	264	383	264	383
39	Melisandre	264	383	264	383
40	Melisandre	264	383	215	121
41	Melisandre	215	121	215	121
42	Melisandre	215	121	215	121
43	Melisandre	215	121	215	121
44	Melisandre	215	121	215	121
45	Melisandre	215	121	215	121
46	Melisandre	215	121	214	132
47	Melisandre	214	132	214	138
48	Melisandre	214	138	195	174
49	Melisandre	195	174	195	174
50	Melisandre	195	174	215	121
11	Davos Seaworth	264	383	264	383
12	Davos Seaworth	264	383	264	383
13	Davos Seaworth	264	383	264	383
14	Davos Seaworth	264	383	248	451
15	Davos Seaworth	248	451	268	441
16	Davos Seaworth	268	441	268	441
17	Davos Seaworth	268	441	268	441
18	Davos Seaworth	268	441	298	390
19	Davos Seaworth	298	390	219	412
20	Davos Seaworth	219	412	264	383
21	Davos Seaworth	264	383	264	383
22	Davos Seaworth	264	383	264	383
23	Davos Seaworth	264	383	264	383
24	Davos Seaworth	264	383	264	383
25	Davos Seaworth	264	383	264	383
26	Davos Seaworth	264	383	264	383
27	Davos Seaworth	264	383	264	383
28	Davos Seaworth	264	383	264	383
29	Davos Seaworth	264	383	264	383
30	Davos Seaworth	264	383	264	383
31	Davos Seaworth	264	383	264	383
32	Davos Seaworth	264	383	264	383
33	Davos Seaworth	264	383	264	383
34	Davos Seaworth	264	383	264	383
35	Davos Seaworth	264	383	264	383
36	Davos Seaworth	264	383	330	298
37	Davos Seaworth	330	298	330	298
38	Davos Seaworth	330	298	330	298
39	Davos Seaworth	330	298	330	298
40	Davos Seaworth	330	298	215	121
41	Davos Seaworth	215	121	215	121
42	Davos Seaworth	215	121	215	121
43	Davos Seaworth	215	121	215	121
44	Davos Seaworth	215	121	215	121
45	Davos Seaworth	215	121	215	121
46	Davos Seaworth	215	121	214	132
47	Davos Seaworth	214	132	214	138
48	Davos Seaworth	214	138	195	174
49	Davos Seaworth	195	174	215	121
12	Yara Greyjoy	104	337	104	337
13	Yara Greyjoy	104	337	104	337
14	Yara Greyjoy	104	337	104	337
15	Yara Greyjoy	104	337	104	337
16	Yara Greyjoy	104	337	104	337
17	Yara Greyjoy	104	337	104	337
18	Yara Greyjoy	104	337	181	198
19	Yara Greyjoy	181	198	104	337
20	Yara Greyjoy	104	337	104	337
21	Yara Greyjoy	104	337	104	337
22	Yara Greyjoy	104	337	104	337
23	Yara Greyjoy	104	337	104	337
24	Yara Greyjoy	104	337	104	337
25	Yara Greyjoy	104	337	104	337
26	Yara Greyjoy	104	337	104	337
27	Yara Greyjoy	104	337	104	337
28	Yara Greyjoy	104	337	104	337
29	Yara Greyjoy	104	337	104	337
30	Yara Greyjoy	104	337	104	337
31	Yara Greyjoy	104	337	104	337
32	Yara Greyjoy	104	337	104	337
33	Yara Greyjoy	104	337	104	337
34	Yara Greyjoy	104	337	104	337
35	Yara Greyjoy	104	337	104	337
36	Yara Greyjoy	104	337	233	192
37	Yara Greyjoy	233	192	104	337
5	Lysa Arryn	223	334	223	334
6	Lysa Arryn	223	334	223	334
7	Lysa Arryn	223	334	223	334
8	Lysa Arryn	223	334	223	334
9	Lysa Arryn	223	334	223	334
10	Lysa Arryn	223	334	223	334
11	Lysa Arryn	223	334	223	334
12	Lysa Arryn	223	334	223	334
13	Lysa Arryn	223	334	223	334
14	Lysa Arryn	223	334	223	334
15	Lysa Arryn	223	334	223	334
16	Lysa Arryn	223	334	223	334
17	Lysa Arryn	223	334	223	334
18	Lysa Arryn	223	334	223	334
19	Lysa Arryn	223	334	223	334
20	Lysa Arryn	223	334	223	334
21	Lysa Arryn	223	334	223	334
22	Lysa Arryn	223	334	223	334
23	Lysa Arryn	223	334	223	334
24	Lysa Arryn	223	334	223	334
25	Lysa Arryn	223	334	223	334
26	Lysa Arryn	223	334	223	334
27	Lysa Arryn	223	334	223	334
28	Lysa Arryn	223	334	223	334
29	Lysa Arryn	223	334	223	334
30	Lysa Arryn	223	334	223	334
31	Lysa Arryn	223	334	223	334
32	Lysa Arryn	223	334	223	334
33	Lysa Arryn	223	334	223	334
34	Lysa Arryn	223	334	223	334
35	Lysa Arryn	223	334	223	334
36	Lysa Arryn	223	334	223	334
37	Lysa Arryn	223	334	223	334
5	Robin Arryn	223	334	223	334
6	Robin Arryn	223	334	223	334
7	Robin Arryn	223	334	223	334
8	Robin Arryn	223	334	223	334
9	Robin Arryn	223	334	223	334
10	Robin Arryn	223	334	223	334
11	Robin Arryn	223	334	223	334
12	Robin Arryn	223	334	223	334
13	Robin Arryn	223	334	223	334
14	Robin Arryn	223	334	223	334
15	Robin Arryn	223	334	223	334
16	Robin Arryn	223	334	223	334
17	Robin Arryn	223	334	223	334
18	Robin Arryn	223	334	223	334
19	Robin Arryn	223	334	223	334
20	Robin Arryn	223	334	223	334
21	Robin Arryn	223	334	223	334
22	Robin Arryn	223	334	223	334
23	Robin Arryn	223	334	223	334
24	Robin Arryn	223	334	223	334
25	Robin Arryn	223	334	223	334
26	Robin Arryn	223	334	223	334
27	Robin Arryn	223	334	223	334
28	Robin Arryn	223	334	223	334
29	Robin Arryn	223	334	223	334
30	Robin Arryn	223	334	223	334
31	Robin Arryn	223	334	223	334
32	Robin Arryn	223	334	223	334
33	Robin Arryn	223	334	223	334
34	Robin Arryn	223	334	223	334
35	Robin Arryn	223	334	223	334
36	Robin Arryn	223	334	223	334
37	Robin Arryn	223	334	223	334
38	Robin Arryn	223	334	223	334
39	Robin Arryn	223	334	223	334
40	Robin Arryn	223	334	223	334
41	Robin Arryn	223	334	273	334
11	Gilly	200	99	200	99
12	Gilly	200	99	200	99
13	Gilly	200	99	200	99
14	Gilly	200	99	200	99
15	Gilly	200	99	200	99
16	Gilly	200	99	200	99
17	Gilly	200	99	200	99
18	Gilly	200	99	200	99
19	Gilly	200	99	200	99
20	Gilly	200	99	200	99
21	Gilly	200	99	200	99
22	Gilly	200	99	200	99
23	Gilly	200	99	200	99
24	Gilly	200	99	200	99
25	Gilly	200	99	200	99
26	Gilly	200	99	202	106
27	Gilly	202	106	202	106
28	Gilly	202	106	207	110
29	Gilly	207	110	209	123
30	Gilly	209	123	215	121
31	Gilly	215	121	215	121
32	Gilly	215	121	215	121
33	Gilly	215	121	205	142
34	Gilly	205	142	205	142
35	Gilly	205	142	205	142
36	Gilly	205	142	205	142
37	Gilly	205	142	205	142
38	Gilly	205	142	205	142
39	Gilly	205	142	215	121
40	Gilly	215	121	215	121
41	Gilly	215	121	215	121
42	Gilly	215	121	215	121
43	Gilly	215	121	215	121
44	Gilly	215	121	215	121
45	Gilly	215	121	215	121
46	Gilly	215	121	215	121
47	Gilly	215	121	215	121
48	Gilly	215	121	215	121
49	Gilly	215	121	215	121
50	Gilly	215	121	215	128
11	Craster	200	99	200	99
12	Craster	200	99	200	99
13	Craster	200	99	200	99
14	Craster	200	99	200	99
15	Craster	200	99	200	99
16	Craster	200	99	200	99
17	Craster	200	99	200	99
18	Craster	200	99	200	99
19	Craster	200	99	200	99
20	Craster	200	99	200	99
21	Craster	200	99	200	99
22	Craster	200	99	200	99
23	Craster	200	99	200	99
24	Craster	200	99	200	99
16	Ygritte	183	90	170	95
17	Ygritte	170	95	157	96
18	Ygritte	157	96	157	96
19	Ygritte	157	96	157	96
20	Ygritte	157	96	179	89
21	Ygritte	179	89	179	89
22	Ygritte	179	89	179	89
23	Ygritte	179	89	183	90
24	Ygritte	183	90	183	90
25	Ygritte	183	90	191	106
26	Ygritte	191	106	196	121
27	Ygritte	196	121	198	126
28	Ygritte	198	126	198	126
29	Ygritte	198	126	206	126
30	Ygritte	206	126	206	126
31	Ygritte	206	126	210	130
32	Ygritte	210	130	210	130
33	Ygritte	210	130	210	132
34	Ygritte	210	132	210	132
35	Ygritte	210	132	210	132
36	Ygritte	210	132	210	132
37	Ygritte	210	132	210	132
38	Ygritte	205	132	214	129
39	Ygritte	214	129	215	121
21	Mance Rayder	179	89	179	89
22	Mance Rayder	179	89	179	89
23	Mance Rayder	179	89	183	90
24	Mance Rayder	183	90	183	90
25	Mance Rayder	183	90	183	90
26	Mance Rayder	183	90	183	90
27	Mance Rayder	183	90	183	90
28	Mance Rayder	183	90	183	90
29	Mance Rayder	183	90	183	90
30	Mance Rayder	183	90	183	90
31	Mance Rayder	183	90	183	90
32	Mance Rayder	183	90	183	90
33	Mance Rayder	183	90	183	90
34	Mance Rayder	183	90	183	90
35	Mance Rayder	183	90	183	90
36	Mance Rayder	183	90	183	90
37	Mance Rayder	183	90	183	90
38	Mance Rayder	183	90	183	90
39	Mance Rayder	183	90	215	115
40	Mance Rayder	215	115	215	121
21	Tormund Giantsbane	179	89	179	89
22	Tormund Giantsbane	179	89	179	89
23	Tormund Giantsbane	179	89	183	90
24	Tormund Giantsbane	183	90	183	90
25	Tormund Giantsbane	183	90	191	106
26	Tormund Giantsbane	191	106	196	121
27	Tormund Giantsbane	196	121	198	134
28	Tormund Giantsbane	198	134	198	134
29	Tormund Giantsbane	198	134	206	134
30	Tormund Giantsbane	206	134	206	134
31	Tormund Giantsbane	206	134	210	138
32	Tormund Giantsbane	210	138	210	138
33	Tormund Giantsbane	210	138	205	142
34	Tormund Giantsbane	205	142	205	142
35	Tormund Giantsbane	205	142	205	142
36	Tormund Giantsbane	205	142	205	142
37	Tormund Giantsbane	205	142	205	142
38	Tormund Giantsbane	205	142	214	129
39	Tormund Giantsbane	214	129	215	121
40	Tormund Giantsbane	214	129	215	121
41	Tormund Giantsbane	215	121	215	121
42	Tormund Giantsbane	215	121	215	121
43	Tormund Giantsbane	215	121	215	121
44	Tormund Giantsbane	215	121	215	121
45	Tormund Giantsbane	215	121	215	121
46	Tormund Giantsbane	215	121	215	121
47	Tormund Giantsbane	215	121	246	120
48	Tormund Giantsbane	246	120	243	95
49	Tormund Giantsbane	243	95	215	121
10	Hot Pie	214	408	214	408
11	Hot Pie	214	408	213	392
12	Hot Pie	213	392	213	382
13	Hot Pie	213	382	213	370
14	Hot Pie	213	370	197	369
15	Hot Pie	197	369	197	369
16	Hot Pie	197	369	197	369
17	Hot Pie	197	369	197	369
18	Hot Pie	197	369	197	369
19	Hot Pie	197	369	197	369
20	Hot Pie	197	369	196	355
21	Hot Pie	196	355	196	355
22	Hot Pie	196	355	196	347
23	Hot Pie	196	347	196	347
24	Hot Pie	196	347	196	347
25	Hot Pie	196	347	196	347
26	Hot Pie	196	347	196	347
27	Hot Pie	196	347	196	347
28	Hot Pie	196	347	196	347
29	Hot Pie	196	347	196	347
30	Hot Pie	196	347	196	347
31	Hot Pie	196	347	196	347
32	Hot Pie	196	347	196	347
33	Hot Pie	196	347	196	347
34	Hot Pie	196	347	196	347
35	Hot Pie	196	347	196	347
36	Hot Pie	196	347	196	347
37	Hot Pie	196	347	196	347
3	Lancel Lannister	214	408	214	408
4	Lancel Lannister	214	408	214	408
5	Lancel Lannister	214	408	214	408
6	Lancel Lannister	214	408	214	408
7	Lancel Lannister	214	408	214	408
8	Lancel Lannister	214	408	214	408
9	Lancel Lannister	214	408	214	408
10	Lancel Lannister	214	408	214	408
11	Lancel Lannister	214	408	214	408
12	Lancel Lannister	214	408	214	408
13	Lancel Lannister	214	408	214	408
14	Lancel Lannister	214	408	214	408
15	Lancel Lannister	214	408	214	408
16	Lancel Lannister	214	408	214	408
17	Lancel Lannister	214	408	214	408
18	Lancel Lannister	214	408	214	408
19	Lancel Lannister	214	408	214	408
20	Lancel Lannister	214	408	214	408
21	Lancel Lannister	214	408	214	408
22	Lancel Lannister	214	408	214	408
23	Lancel Lannister	214	408	214	408
24	Lancel Lannister	214	408	214	408
25	Lancel Lannister	214	408	214	408
26	Lancel Lannister	214	408	214	408
27	Lancel Lannister	214	408	214	408
28	Lancel Lannister	214	408	214	408
29	Lancel Lannister	214	408	214	408
30	Lancel Lannister	214	408	214	408
31	Lancel Lannister	214	408	214	408
32	Lancel Lannister	214	408	214	408
33	Lancel Lannister	214	408	214	408
34	Lancel Lannister	214	408	214	408
35	Lancel Lannister	214	408	214	408
36	Lancel Lannister	214	408	214	408
37	Lancel Lannister	214	408	214	408
38	Lancel Lannister	214	408	214	408
39	Lancel Lannister	214	408	214	408
40	Lancel Lannister	214	408	214	408
41	Lancel Lannister	214	408	214	408
42	Lancel Lannister	214	408	214	408
43	Lancel Lannister	214	408	214	408
44	Lancel Lannister	214	408	214	408
45	Lancel Lannister	214	408	214	408
46	Lancel Lannister	214	408	214	408
47	Lancel Lannister	214	408	214	408
42	Doran Martell	270	525	270	525
43	Doran Martell	270	525	270	525
44	Doran Martell	270	525	270	525
45	Doran Martell	270	525	270	525
46	Doran Martell	270	525	270	525
47	Doran Martell	270	525	270	525
48	Doran Martell	270	525	270	525
49	Doran Martell	270	525	270	525
50	Doran Martell	270	525	270	525
6	Osha	181	198	181	198
7	Osha	181	198	181	198
8	Osha	181	198	181	198
9	Osha	181	198	181	198
10	Osha	181	198	181	198
11	Osha	181	198	181	198
12	Osha	181	198	181	198
13	Osha	181	198	181	198
14	Osha	181	198	181	198
15	Osha	181	198	181	198
16	Osha	181	198	181	198
17	Osha	181	198	181	198
18	Osha	181	198	181	198
19	Osha	181	198	181	198
20	Osha	181	198	181	198
21	Osha	181	198	181	198
22	Osha	181	198	183	179
23	Osha	183	179	183	179
24	Osha	183	179	185	167
25	Osha	185	167	185	167
26	Osha	185	167	188	160
27	Osha	188	160	193	144
28	Osha	193	144	193	144
29	Osha	193	144	208	135
43	High Sparrow	214	408	214	408
44	High Sparrow	214	408	214	408
45	High Sparrow	214	408	214	408
46	High Sparrow	214	408	214	408
47	High Sparrow	214	408	214	408
48	High Sparrow	214	408	214	408
49	High Sparrow	214	408	214	408
50	High Sparrow	214	408	214	408
1	Catelyn Stark	181	198	181	198
2	Catelyn Stark	181	198	181	198
3	Catelyn Stark	181	198	214	408
4	Catelyn Stark	214	408	196	347
5	Catelyn Stark	196	347	223	334
6	Catelyn Stark	223	334	223	334
7	Catelyn Stark	223	334	223	334
8	Catelyn Stark	223	334	223	334
9	Catelyn Stark	223	334	167	352
10	Catelyn Stark	167	352	167	352
11	Catelyn Stark	167	352	167	352
12	Catelyn Stark	167	352	167	352
13	Catelyn Stark	167	352	167	442
14	Catelyn Stark	167	442	248	451
15	Catelyn Stark	248	451	248	451
16	Catelyn Stark	248	451	111	379
17	Catelyn Stark	111	379	111	379
18	Catelyn Stark	111	379	111	379
19	Catelyn Stark	111	379	111	379
20	Catelyn Stark	111	379	111	379
21	Catelyn Stark	111	379	197	369
22	Catelyn Stark	197	369	177	360
23	Catelyn Stark	177	360	160	353
24	Catelyn Stark	160	353	160	353
25	Catelyn Stark	160	353	160	353
26	Catelyn Stark	160	353	160	353
27	Catelyn Stark	160	353	165	328
28	Catelyn Stark	165	328	165	328
29	Catelyn Stark	165	328	167	314
1	Theon Greyjoy	181	198	181	198
2	Theon Greyjoy	181	198	181	198
3	Theon Greyjoy	181	198	181	198
4	Theon Greyjoy	181	198	181	198
5	Theon Greyjoy	181	198	181	198
6	Theon Greyjoy	181	198	181	198
7	Theon Greyjoy	181	198	181	198
8	Theon Greyjoy	181	198	169	304
9	Theon Greyjoy	169	304	167	352
10	Theon Greyjoy	167	352	167	352
11	Theon Greyjoy	167	352	167	352
12	Theon Greyjoy	167	352	104	337
13	Theon Greyjoy	104	337	104	337
14	Theon Greyjoy	104	337	104	337
15	Theon Greyjoy	104	337	104	337
16	Theon Greyjoy	104	337	181	198
17	Theon Greyjoy	181	198	181	198
18	Theon Greyjoy	181	198	181	198
19	Theon Greyjoy	181	198	181	198
20	Theon Greyjoy	181	198	233	192
21	Theon Greyjoy	233	192	233	192
22	Theon Greyjoy	233	192	233	192
23	Theon Greyjoy	233	192	233	192
24	Theon Greyjoy	233	192	233	192
25	Theon Greyjoy	233	192	233	192
26	Theon Greyjoy	233	192	233	192
27	Theon Greyjoy	233	192	233	192
28	Theon Greyjoy	233	192	233	192
29	Theon Greyjoy	233	192	233	192
30	Theon Greyjoy	233	192	233	192
31	Theon Greyjoy	233	192	233	192
32	Theon Greyjoy	233	192	233	192
33	Theon Greyjoy	233	192	233	192
34	Theon Greyjoy	233	192	233	192
35	Theon Greyjoy	233	192	233	192
36	Theon Greyjoy	233	192	233	192
37	Theon Greyjoy	233	192	233	192
38	Theon Greyjoy	233	192	181	198
39	Theon Greyjoy	181	198	181	198
40	Theon Greyjoy	181	198	181	198
41	Theon Greyjoy	181	198	181	198
42	Theon Greyjoy	181	198	181	198
43	Theon Greyjoy	181	198	181	198
44	Theon Greyjoy	181	198	181	198
45	Theon Greyjoy	181	198	181	198
46	Theon Greyjoy	181	198	181	198
47	Theon Greyjoy	181	198	181	198
48	Theon Greyjoy	181	198	181	198
49	Theon Greyjoy	181	198	181	198
50	Theon Greyjoy	181	198	181	198
1	Cersei Lannister	181	198	181	198
2	Cersei Lannister	181	198	196	347
3	Cersei Lannister	196	347	214	408
4	Cersei Lannister	214	408	214	408
5	Cersei Lannister	214	408	214	408
6	Cersei Lannister	214	408	214	408
7	Cersei Lannister	214	408	214	408
8	Cersei Lannister	214	408	214	408
9	Cersei Lannister	214	408	214	408
10	Cersei Lannister	214	408	214	408
11	Cersei Lannister	214	408	214	408
12	Cersei Lannister	214	408	214	408
13	Cersei Lannister	214	408	214	408
14	Cersei Lannister	214	408	214	408
15	Cersei Lannister	214	408	214	408
16	Cersei Lannister	214	408	214	408
17	Cersei Lannister	214	408	214	408
18	Cersei Lannister	214	408	214	408
19	Cersei Lannister	214	408	214	408
20	Cersei Lannister	214	408	214	408
21	Cersei Lannister	214	408	214	408
22	Cersei Lannister	214	408	214	408
23	Cersei Lannister	214	408	214	408
24	Cersei Lannister	214	408	214	408
25	Cersei Lannister	214	408	214	408
26	Cersei Lannister	214	408	214	408
27	Cersei Lannister	214	408	214	408
28	Cersei Lannister	214	408	214	408
29	Cersei Lannister	214	408	214	408
30	Cersei Lannister	214	408	214	408
31	Cersei Lannister	214	408	214	408
32	Cersei Lannister	214	408	214	408
33	Cersei Lannister	214	408	214	408
34	Cersei Lannister	214	408	214	408
35	Cersei Lannister	214	408	214	408
36	Cersei Lannister	214	408	214	408
37	Cersei Lannister	214	408	214	408
38	Cersei Lannister	214	408	214	408
39	Cersei Lannister	214	408	214	408
40	Cersei Lannister	214	408	214	408
41	Cersei Lannister	214	408	214	408
42	Cersei Lannister	214	408	214	408
43	Cersei Lannister	214	408	214	408
44	Cersei Lannister	214	408	214	408
45	Cersei Lannister	214	408	214	408
46	Cersei Lannister	214	408	214	408
47	Cersei Lannister	214	408	214	408
48	Cersei Lannister	214	408	214	408
49	Cersei Lannister	214	408	214	408
50	Cersei Lannister	214	408	214	408
1	Jaime Lannister	181	198	181	198
2	Jaime Lannister	181	198	196	347
3	Jaime Lannister	196	347	214	408
4	Jaime Lannister	214	408	214	408
5	Jaime Lannister	214	408	214	408
6	Jaime Lannister	214	408	214	408
7	Jaime Lannister	214	408	143	368
8	Jaime Lannister	143	368	167	352
9	Jaime Lannister	167	352	167	352
10	Jaime Lannister	167	352	167	352
11	Jaime Lannister	167	352	167	352
12	Jaime Lannister	167	352	167	352
13	Jaime Lannister	167	352	167	352
14	Jaime Lannister	167	352	167	352
15	Jaime Lannister	167	352	167	352
16	Jaime Lannister	167	352	167	352
17	Jaime Lannister	111	379	111	379
18	Jaime Lannister	111	379	134	368
19	Jaime Lannister	134	368	145	365
20	Jaime Lannister	145	365	145	365
21	Jaime Lannister	145	365	145	365
22	Jaime Lannister	145	365	162	378
23	Jaime Lannister	162	378	169	375
24	Jaime Lannister	169	375	179	368
25	Jaime Lannister	179	368	197	369
26	Jaime Lannister	197	369	197	369
27	Jaime Lannister	197	369	197	369
28	Jaime Lannister	197	369	197	369
29	Jaime Lannister	197	369	197	369
30	Jaime Lannister	197	369	214	408
31	Jaime Lannister	214	408	214	408
32	Jaime Lannister	214	408	214	408
33	Jaime Lannister	214	408	214	408
34	Jaime Lannister	214	408	214	408
35	Jaime Lannister	214	408	214	408
36	Jaime Lannister	214	408	214	408
37	Jaime Lannister	214	408	214	408
38	Jaime Lannister	214	408	214	408
39	Jaime Lannister	214	408	214	408
40	Jaime Lannister	214	408	214	408
41	Jaime Lannister	214	408	271	389
42	Jaime Lannister	271	389	291	466
43	Jaime Lannister	291	466	291	466
44	Jaime Lannister	291	466	270	525
45	Jaime Lannister	270	525	270	525
46	Jaime Lannister	270	525	270	525
47	Jaime Lannister	270	525	270	525
48	Jaime Lannister	270	525	270	525
49	Jaime Lannister	270	525	270	525
50	Jaime Lannister	270	525	270	525
10	Stannis Baratheon	264	383	264	383
11	Stannis Baratheon	264	383	264	383
12	Stannis Baratheon	264	383	264	383
13	Stannis Baratheon	264	383	264	383
14	Stannis Baratheon	264	383	248	451
15	Stannis Baratheon	248	451	268	441
16	Stannis Baratheon	268	441	268	441
17	Stannis Baratheon	268	441	268	441
18	Stannis Baratheon	268	441	298	390
19	Stannis Baratheon	298	390	219	412
20	Stannis Baratheon	219	412	264	383
21	Stannis Baratheon	264	383	264	383
22	Stannis Baratheon	264	383	264	383
23	Stannis Baratheon	264	383	264	383
24	Stannis Baratheon	264	383	264	383
25	Stannis Baratheon	264	383	264	383
26	Stannis Baratheon	264	383	264	383
27	Stannis Baratheon	264	383	264	383
28	Stannis Baratheon	264	383	264	383
29	Stannis Baratheon	264	383	264	383
30	Stannis Baratheon	264	383	264	383
31	Stannis Baratheon	264	383	264	383
32	Stannis Baratheon	264	383	264	383
33	Stannis Baratheon	264	383	264	383
34	Stannis Baratheon	264	383	264	383
35	Stannis Baratheon	264	383	264	383
36	Stannis Baratheon	264	383	330	298
37	Stannis Baratheon	330	298	330	298
38	Stannis Baratheon	330	298	330	298
39	Stannis Baratheon	330	298	330	298
40	Stannis Baratheon	330	298	215	121
41	Stannis Baratheon	215	121	215	121
42	Stannis Baratheon	215	121	215	121
43	Stannis Baratheon	215	121	215	121
44	Stannis Baratheon	215	121	215	121
45	Stannis Baratheon	215	121	215	121
46	Stannis Baratheon	215	121	214	132
47	Stannis Baratheon	214	132	214	138
48	Stannis Baratheon	214	138	195	174
49	Stannis Baratheon	195	174	195	174
50	Stannis Baratheon	195	174	183	193
3	Varys	214	408	214	408
4	Varys	214	408	214	408
5	Varys	214	408	214	408
6	Varys	214	408	214	408
7	Varys	214	408	214	408
8	Varys	214	408	214	408
9	Varys	214	408	214	408
10	Varys	214	408	214	408
11	Varys	214	408	214	408
12	Varys	214	408	214	408
13	Varys	214	408	214	408
14	Varys	214	408	214	408
15	Varys	214	408	214	408
16	Varys	214	408	214	408
17	Varys	214	408	214	408
18	Varys	214	408	214	408
19	Varys	214	408	214	408
20	Varys	214	408	214	408
21	Varys	214	408	214	408
22	Varys	214	408	214	408
23	Varys	214	408	214	408
24	Varys	214	408	214	408
25	Varys	214	408	214	408
26	Varys	214	408	214	408
27	Varys	214	408	214	408
28	Varys	214	408	214	408
29	Varys	214	408	214	408
30	Varys	214	408	214	408
31	Varys	214	408	214	408
32	Varys	214	408	214	408
33	Varys	214	408	214	408
34	Varys	214	408	214	408
35	Varys	214	408	214	408
36	Varys	214	408	214	408
37	Varys	214	408	214	408
38	Varys	214	408	214	408
39	Varys	214	408	214	408
40	Varys	214	408	214	408
41	Varys	214	408	332	406
42	Varys	332	406	332	406
43	Varys	332	406	444	534
44	Varys	444	534	444	534
45	Varys	444	534	444	534
46	Varys	444	534	444	534
47	Varys	444	534	444	534
48	Varys	444	534	444	534
49	Varys	444	534	444	534
50	Varys	444	534	638	499
1	Eddard Stark	181	198	181	198
2	Eddard Stark	181	198	196	347
3	Eddard Stark	196	347	214	408
4	Eddard Stark	214	408	214	408
5	Eddard Stark	214	408	214	408
6	Eddard Stark	214	408	214	408
7	Eddard Stark	214	408	214	408
8	Eddard Stark	214	408	214	408
9	Eddard Stark	214	408	214	408
1	Robb Stark	181	198	181	198
2	Robb Stark	181	198	181	198
3	Robb Stark	181	198	181	198
4	Robb Stark	181	198	181	198
5	Robb Stark	181	198	181	198
6	Robb Stark	181	198	181	198
7	Robb Stark	181	198	181	198
8	Robb Stark	181	198	169	304
9	Robb Stark	169	304	167	352
10	Robb Stark	167	352	167	352
11	Robb Stark	167	352	167	352
12	Robb Stark	167	352	167	352
13	Robb Stark	167	352	167	352
14	Robb Stark	167	352	111	379
15	Robb Stark	111	379	111	379
16	Robb Stark	111	379	111	379
17	Robb Stark	111	379	111	379
18	Robb Stark	111	379	111	379
19	Robb Stark	111	379	111	379
20	Robb Stark	111	379	111	379
21	Robb Stark	111	379	197	369
22	Robb Stark	197	369	177	360
23	Robb Stark	177	360	160	353
24	Robb Stark	160	353	160	353
25	Robb Stark	160	353	160	353
26	Robb Stark	160	353	160	353
27	Robb Stark	160	353	165	328
28	Robb Stark	165	328	165	328
29	Robb Stark	165	328	167	314
4	Janos Slynt	214	408	214	408
5	Janos Slynt	214	408	214	408
6	Janos Slynt	214	408	214	408
7	Janos Slynt	214	408	214	408
8	Janos Slynt	214	408	214	408
9	Janos Slynt	214	408	214	408
10	Janos Slynt	214	408	214	408
11	Janos Slynt	214	408	214	408
12	Janos Slynt	214	408	214	408
13	Janos Slynt	214	408	214	408
14	Janos Slynt	214	408	214	408
15	Janos Slynt	214	408	214	408
16	Janos Slynt	214	408	214	408
17	Janos Slynt	214	408	214	408
18	Janos Slynt	214	408	214	408
19	Janos Slynt	214	408	214	408
20	Janos Slynt	214	408	214	408
21	Janos Slynt	214	408	214	408
22	Janos Slynt	214	408	214	408
23	Janos Slynt	214	408	214	408
24	Janos Slynt	214	408	214	408
25	Janos Slynt	214	408	214	408
26	Janos Slynt	214	408	214	408
27	Janos Slynt	214	408	214	408
28	Janos Slynt	214	408	214	408
29	Janos Slynt	214	408	214	408
30	Janos Slynt	214	408	214	408
31	Janos Slynt	214	408	215	121
32	Janos Slynt	215	121	215	121
33	Janos Slynt	215	121	215	121
34	Janos Slynt	215	121	215	121
35	Janos Slynt	215	121	215	121
36	Janos Slynt	215	121	215	121
37	Janos Slynt	215	121	215	121
38	Janos Slynt	215	121	215	121
39	Janos Slynt	215	121	215	121
40	Janos Slynt	215	121	215	121
41	Janos Slynt	215	121	215	121
42	Janos Slynt	215	121	215	121
43	Janos Slynt	215	121	215	121
1	Sansa Stark	181	198	181	198
2	Sansa Stark	181	198	196	347
3	Sansa Stark	196	347	214	408
4	Sansa Stark	214	408	214	408
5	Sansa Stark	214	408	214	408
6	Sansa Stark	214	408	214	408
7	Sansa Stark	214	408	214	408
8	Sansa Stark	214	408	214	408
9	Sansa Stark	214	408	214	408
10	Sansa Stark	214	408	214	408
11	Sansa Stark	214	408	214	408
12	Sansa Stark	214	408	214	408
13	Sansa Stark	214	408	214	408
14	Sansa Stark	214	408	214	408
15	Sansa Stark	214	408	214	408
16	Sansa Stark	214	408	214	408
17	Sansa Stark	214	408	214	408
18	Sansa Stark	214	408	214	408
19	Sansa Stark	214	408	214	408
20	Sansa Stark	214	408	214	408
21	Sansa Stark	214	408	214	408
22	Sansa Stark	214	408	214	408
23	Sansa Stark	214	408	214	408
24	Sansa Stark	214	408	214	408
25	Sansa Stark	214	408	214	408
26	Sansa Stark	214	408	214	408
27	Sansa Stark	214	408	214	408
28	Sansa Stark	214	408	214	408
29	Sansa Stark	214	408	214	408
30	Sansa Stark	214	408	214	408
31	Sansa Stark	214	408	214	408
32	Sansa Stark	214	408	214	408
33	Sansa Stark	214	408	222	412
34	Sansa Stark	222	412	286	381
35	Sansa Stark	286	381	211	341
36	Sansa Stark	211	341	211	341
37	Sansa Stark	211	341	223	334
38	Sansa Stark	223	334	223	334
39	Sansa Stark	223	334	223	334
40	Sansa Stark	223	334	223	334
41	Sansa Stark	223	334	215	343
42	Sansa Stark	215	343	186	297
43	Sansa Stark	186	297	181	198
44	Sansa Stark	181	198	181	198
45	Sansa Stark	181	198	181	198
46	Sansa Stark	181	198	181	198
47	Sansa Stark	181	198	181	198
48	Sansa Stark	181	198	181	198
49	Sansa Stark	181	198	181	198
50	Sansa Stark	181	198	181	198
1	Maester Luwin	181	198	181	198
2	Maester Luwin	181	198	181	198
3	Maester Luwin	181	198	181	198
4	Maester Luwin	181	198	181	198
5	Maester Luwin	181	198	181	198
6	Maester Luwin	181	198	181	198
7	Maester Luwin	181	198	181	198
8	Maester Luwin	181	198	181	198
9	Maester Luwin	181	198	181	198
10	Maester Luwin	181	198	181	198
11	Maester Luwin	181	198	181	198
12	Maester Luwin	181	198	181	198
13	Maester Luwin	181	198	181	198
14	Maester Luwin	181	198	181	198
15	Maester Luwin	181	198	181	198
16	Maester Luwin	181	198	181	198
17	Maester Luwin	181	198	181	198
18	Maester Luwin	181	198	181	198
19	Maester Luwin	181	198	181	198
20	Maester Luwin	181	198	181	198
1	Arya Stark	181	198	181	198
2	Arya Stark	181	198	196	347
3	Arya Stark	196	347	214	408
4	Arya Stark	214	408	214	408
5	Arya Stark	214	408	214	408
6	Arya Stark	214	408	214	408
7	Arya Stark	214	408	214	408
8	Arya Stark	214	408	214	408
9	Arya Stark	214	408	214	408
10	Arya Stark	214	408	214	408
11	Arya Stark	214	408	213	392
12	Arya Stark	213	392	213	382
13	Arya Stark	213	382	213	370
14	Arya Stark	213	370	197	369
15	Arya Stark	197	369	197	369
16	Arya Stark	197	369	197	369
17	Arya Stark	197	369	197	369
18	Arya Stark	197	369	197	369
19	Arya Stark	197	369	197	369
20	Arya Stark	197	369	196	355
21	Arya Stark	196	355	196	355
22	Arya Stark	196	355	196	347
23	Arya Stark	196	347	196	347
24	Arya Stark	196	347	183	352
25	Arya Stark	183	352	183	352
26	Arya Stark	183	352	183	352
27	Arya Stark	183	352	181	350
28	Arya Stark	181	350	168	332
29	Arya Stark	168	332	167	314
30	Arya Stark	167	314	172	339
31	Arya Stark	172	339	181	351
32	Arya Stark	181	351	181	351
33	Arya Stark	181	351	189	354
34	Arya Stark	189	354	189	354
35	Arya Stark	189	354	196	355
36	Arya Stark	196	355	196	355
37	Arya Stark	196	355	204	354
38	Arya Stark	204	354	214	346
39	Arya Stark	214	346	214	346
40	Arya Stark	214	346	273	344
41	Arya Stark	273	344	273	344
42	Arya Stark	273	344	330	298
43	Arya Stark	330	298	330	298
44	Arya Stark	330	298	330	298
45	Arya Stark	330	298	330	298
46	Arya Stark	330	298	330	298
47	Arya Stark	330	298	330	298
48	Arya Stark	330	298	330	298
49	Arya Stark	330	298	330	298
50	Arya Stark	330	298	330	298
1	Bran Stark	181	198	181	198
2	Bran Stark	181	198	181	198
3	Bran Stark	181	198	181	198
4	Bran Stark	181	198	181	198
5	Bran Stark	181	198	181	198
6	Bran Stark	181	198	181	198
7	Bran Stark	181	198	181	198
8	Bran Stark	181	198	181	198
9	Bran Stark	181	198	181	198
10	Bran Stark	181	198	181	198
11	Bran Stark	181	198	181	198
12	Bran Stark	181	198	181	198
13	Bran Stark	181	198	181	198
14	Bran Stark	181	198	181	198
15	Bran Stark	181	198	181	198
16	Bran Stark	181	198	181	198
17	Bran Stark	181	198	181	198
18	Bran Stark	181	198	181	198
19	Bran Stark	181	198	181	198
20	Bran Stark	181	198	181	198
21	Bran Stark	181	198	181	198
22	Bran Stark	181	198	184	179
23	Bran Stark	184	179	184	179
24	Bran Stark	184	179	185	168
25	Bran Stark	185	168	185	168
26	Bran Stark	185	168	190	160
27	Bran Stark	190	160	193	144
28	Bran Stark	193	144	193	144
29	Bran Stark	193	144	209	135
30	Bran Stark	209	135	209	123
31	Bran Stark	209	123	209	123
32	Bran Stark	209	123	205	109
33	Bran Stark	205	109	205	109
34	Bran Stark	205	109	200	99
35	Bran Stark	200	99	200	99
36	Bran Stark	200	99	200	99
37	Bran Stark	200	99	200	99
38	Bran Stark	200	99	200	99
39	Bran Stark	200	99	200	99
40	Bran Stark	200	99	190	67
3	Jeor Mormont	215	121	215	121
4	Jeor Mormont	215	121	215	121
5	Jeor Mormont	215	121	215	121
6	Jeor Mormont	215	121	215	121
7	Jeor Mormont	215	121	215	121
8	Jeor Mormont	215	121	215	121
9	Jeor Mormont	215	121	215	121
10	Jeor Mormont	215	121	215	121
11	Jeor Mormont	215	121	200	99
12	Jeor Mormont	200	99	200	99
13	Jeor Mormont	200	99	200	99
14	Jeor Mormont	200	99	200	99
15	Jeor Mormont	200	99	188	93
16	Jeor Mormont	188	93	188	93
17	Jeor Mormont	188	93	188	93
18	Jeor Mormont	188	93	188	93
19	Jeor Mormont	188	93	188	93
20	Jeor Mormont	188	93	188	93
21	Jeor Mormont	188	93	188	93
22	Jeor Mormont	188	93	194	95
23	Jeor Mormont	194	95	200	99
24	Jeor Mormont	200	99	200	99
3	Ser Alliser Thorne	215	121	215	121
4	Ser Alliser Thorne	215	121	215	121
5	Ser Alliser Thorne	215	121	215	121
6	Ser Alliser Thorne	215	121	215	121
7	Ser Alliser Thorne	215	121	215	121
8	Ser Alliser Thorne	215	121	215	121
9	Ser Alliser Thorne	215	121	215	121
10	Ser Alliser Thorne	215	121	215	121
11	Ser Alliser Thorne	215	121	215	121
12	Ser Alliser Thorne	215	121	215	121
13	Ser Alliser Thorne	215	121	215	121
14	Ser Alliser Thorne	215	121	215	121
15	Ser Alliser Thorne	215	121	215	121
16	Ser Alliser Thorne	215	121	215	121
17	Ser Alliser Thorne	215	121	215	121
18	Ser Alliser Thorne	215	121	215	121
19	Ser Alliser Thorne	215	121	215	121
20	Ser Alliser Thorne	215	121	215	121
21	Ser Alliser Thorne	215	121	215	121
22	Ser Alliser Thorne	215	121	215	121
23	Ser Alliser Thorne	215	121	215	121
24	Ser Alliser Thorne	215	121	215	121
25	Ser Alliser Thorne	215	121	215	121
26	Ser Alliser Thorne	215	121	215	121
27	Ser Alliser Thorne	215	121	215	121
28	Ser Alliser Thorne	215	121	215	121
29	Ser Alliser Thorne	215	121	215	121
30	Ser Alliser Thorne	215	121	215	121
31	Ser Alliser Thorne	215	121	215	121
32	Ser Alliser Thorne	215	121	215	121
33	Ser Alliser Thorne	215	121	215	121
34	Ser Alliser Thorne	215	121	215	121
35	Ser Alliser Thorne	215	121	215	121
36	Ser Alliser Thorne	215	121	215	121
37	Ser Alliser Thorne	215	121	215	121
38	Ser Alliser Thorne	215	121	215	121
39	Ser Alliser Thorne	215	121	215	121
40	Ser Alliser Thorne	215	121	215	121
41	Ser Alliser Thorne	215	121	215	121
42	Ser Alliser Thorne	215	121	215	121
43	Ser Alliser Thorne	215	121	215	121
44	Ser Alliser Thorne	215	121	215	121
45	Ser Alliser Thorne	215	121	215	121
46	Ser Alliser Thorne	215	121	215	121
47	Ser Alliser Thorne	215	121	215	121
48	Ser Alliser Thorne	215	121	215	121
49	Ser Alliser Thorne	215	121	215	121
50	Ser Alliser Thorne	215	121	215	121
3	Maester Aemon	215	121	215	121
4	Maester Aemon	215	121	215	121
5	Maester Aemon	215	121	215	121
6	Maester Aemon	215	121	215	121
7	Maester Aemon	215	121	215	121
8	Maester Aemon	215	121	215	121
9	Maester Aemon	215	121	215	121
10	Maester Aemon	215	121	215	121
11	Maester Aemon	215	121	215	121
12	Maester Aemon	215	121	215	121
13	Maester Aemon	215	121	215	121
14	Maester Aemon	215	121	215	121
15	Maester Aemon	215	121	215	121
16	Maester Aemon	215	121	215	121
17	Maester Aemon	215	121	215	121
18	Maester Aemon	215	121	215	121
19	Maester Aemon	215	121	215	121
20	Maester Aemon	215	121	215	121
21	Maester Aemon	215	121	215	121
22	Maester Aemon	215	121	215	121
23	Maester Aemon	215	121	215	121
24	Maester Aemon	215	121	215	121
25	Maester Aemon	215	121	215	121
26	Maester Aemon	215	121	215	121
27	Maester Aemon	215	121	215	121
28	Maester Aemon	215	121	215	121
29	Maester Aemon	215	121	215	121
30	Maester Aemon	215	121	215	121
31	Maester Aemon	215	121	215	121
32	Maester Aemon	215	121	215	121
33	Maester Aemon	215	121	215	121
34	Maester Aemon	215	121	215	121
35	Maester Aemon	215	121	215	121
36	Maester Aemon	215	121	215	121
37	Maester Aemon	215	121	215	121
38	Maester Aemon	215	121	215	121
39	Maester Aemon	215	121	215	121
40	Maester Aemon	215	121	215	121
41	Maester Aemon	215	121	215	121
42	Maester Aemon	215	121	215	121
43	Maester Aemon	215	121	215	121
44	Maester Aemon	215	121	215	121
45	Maester Aemon	215	121	215	121
46	Maester Aemon	215	121	215	121
47	Maester Aemon	215	121	215	121
1	Viserys Targaryen	332	406	332	406
2	Viserys Targaryen	332	406	448	407
3	Viserys Targaryen	448	407	618	400
4	Viserys Targaryen	618	400	759	373
5	Viserys Targaryen	759	373	759	373
6	Viserys Targaryen	759	373	759	373
1	Khal Drogo	332	406	332	406
2	Khal Drogo	332	406	448	407
3	Khal Drogo	448	407	618	400
4	Khal Drogo	618	400	759	373
5	Khal Drogo	759	373	759	373
6	Khal Drogo	759	373	759	373
7	Khal Drogo	759	373	733	421
8	Khal Drogo	733	421	729	490
9	Khal Drogo	729	490	744	499
10	Khal Drogo	744	499	744	499
3	Grand Maester Pycelle	214	408	214	408
4	Grand Maester Pycelle	214	408	214	408
5	Grand Maester Pycelle	214	408	214	408
6	Grand Maester Pycelle	214	408	214	408
7	Grand Maester Pycelle	214	408	214	408
8	Grand Maester Pycelle	214	408	214	408
9	Grand Maester Pycelle	214	408	214	408
10	Grand Maester Pycelle	214	408	214	408
11	Grand Maester Pycelle	214	408	214	408
12	Grand Maester Pycelle	214	408	214	408
13	Grand Maester Pycelle	214	408	214	408
14	Grand Maester Pycelle	214	408	214	408
15	Grand Maester Pycelle	214	408	214	408
16	Grand Maester Pycelle	214	408	214	408
17	Grand Maester Pycelle	214	408	214	408
18	Grand Maester Pycelle	214	408	214	408
19	Grand Maester Pycelle	214	408	214	408
20	Grand Maester Pycelle	214	408	214	408
21	Grand Maester Pycelle	214	408	214	408
22	Grand Maester Pycelle	214	408	214	408
23	Grand Maester Pycelle	214	408	214	408
24	Grand Maester Pycelle	214	408	214	408
25	Grand Maester Pycelle	214	408	214	408
26	Grand Maester Pycelle	214	408	214	408
27	Grand Maester Pycelle	214	408	214	408
28	Grand Maester Pycelle	214	408	214	408
29	Grand Maester Pycelle	214	408	214	408
30	Grand Maester Pycelle	214	408	214	408
31	Grand Maester Pycelle	214	408	214	408
32	Grand Maester Pycelle	214	408	214	408
33	Grand Maester Pycelle	214	408	214	408
34	Grand Maester Pycelle	214	408	214	408
35	Grand Maester Pycelle	214	408	214	408
36	Grand Maester Pycelle	214	408	214	408
37	Grand Maester Pycelle	214	408	214	408
38	Grand Maester Pycelle	214	408	214	408
39	Grand Maester Pycelle	214	408	214	408
40	Grand Maester Pycelle	214	408	214	408
41	Grand Maester Pycelle	214	408	214	408
42	Grand Maester Pycelle	214	408	214	408
43	Grand Maester Pycelle	214	408	214	408
44	Grand Maester Pycelle	214	408	214	408
45	Grand Maester Pycelle	214	408	214	408
46	Grand Maester Pycelle	214	408	214	408
47	Grand Maester Pycelle	214	408	214	408
48	Grand Maester Pycelle	214	408	214	408
49	Grand Maester Pycelle	214	408	214	408
50	Grand Maester Pycelle	214	408	214	408
3	Renly Baratheon	214	408	214	408
4	Renly Baratheon	214	408	214	408
5	Renly Baratheon	214	408	214	408
6	Renly Baratheon	214	408	214	408
7	Renly Baratheon	214	408	248	451
8	Renly Baratheon	248	451	248	451
9	Renly Baratheon	248	451	248	451
10	Renly Baratheon	248	451	248	451
11	Renly Baratheon	248	451	248	451
12	Renly Baratheon	248	451	248	451
13	Renly Baratheon	248	451	248	451
14	Renly Baratheon	248	451	248	451
15	Renly Baratheon	248	451	248	451
1	Robert Baratheon	214	408	181	198
2	Robert Baratheon	181	198	196	347
3	Robert Baratheon	196	347	214	408
4	Robert Baratheon	214	408	214	408
5	Robert Baratheon	214	408	214	408
6	Robert Baratheon	214	408	214	408
7	Robert Baratheon	214	408	214	408
1	Joffrey Baratheon	181	198	181	198
2	Joffrey Baratheon	181	198	196	347
3	Joffrey Baratheon	196	347	214	408
4	Joffrey Baratheon	214	408	214	408
5	Joffrey Baratheon	214	408	214	408
6	Joffrey Baratheon	214	408	214	408
7	Joffrey Baratheon	214	408	214	408
8	Joffrey Baratheon	214	408	214	408
9	Joffrey Baratheon	214	408	214	408
10	Joffrey Baratheon	214	408	214	408
11	Joffrey Baratheon	214	408	214	408
12	Joffrey Baratheon	214	408	214	408
13	Joffrey Baratheon	214	408	214	408
14	Joffrey Baratheon	214	408	214	408
15	Joffrey Baratheon	214	408	214	408
16	Joffrey Baratheon	214	408	214	408
17	Joffrey Baratheon	214	408	214	408
18	Joffrey Baratheon	214	408	214	408
19	Joffrey Baratheon	214	408	214	408
20	Joffrey Baratheon	214	408	214	408
21	Joffrey Baratheon	214	408	214	408
22	Joffrey Baratheon	214	408	214	408
23	Joffrey Baratheon	214	408	214	408
24	Joffrey Baratheon	214	408	214	408
25	Joffrey Baratheon	214	408	214	408
26	Joffrey Baratheon	214	408	214	408
27	Joffrey Baratheon	214	408	214	408
28	Joffrey Baratheon	214	408	214	408
29	Joffrey Baratheon	214	408	214	408
30	Joffrey Baratheon	214	408	214	408
31	Joffrey Baratheon	214	408	214	408
32	Joffrey Baratheon	214	408	214	408
1	Tommen Baratheon	181	198	181	198
2	Tommen Baratheon	181	198	196	347
3	Tommen Baratheon	196	347	214	408
4	Tommen Baratheon	214	408	214	408
5	Tommen Baratheon	214	408	214	408
6	Tommen Baratheon	214	408	214	408
7	Tommen Baratheon	214	408	214	408
8	Tommen Baratheon	214	408	214	408
9	Tommen Baratheon	214	408	214	408
10	Tommen Baratheon	214	408	214	408
11	Tommen Baratheon	214	408	214	408
12	Tommen Baratheon	214	408	214	408
13	Tommen Baratheon	214	408	214	408
14	Tommen Baratheon	214	408	214	408
15	Tommen Baratheon	214	408	214	408
16	Tommen Baratheon	214	408	214	408
17	Tommen Baratheon	214	408	214	408
18	Tommen Baratheon	214	408	214	408
19	Tommen Baratheon	214	408	214	408
20	Tommen Baratheon	214	408	214	408
21	Tommen Baratheon	214	408	214	408
22	Tommen Baratheon	214	408	214	408
23	Tommen Baratheon	214	408	214	408
24	Tommen Baratheon	214	408	214	408
25	Tommen Baratheon	214	408	214	408
26	Tommen Baratheon	214	408	214	408
27	Tommen Baratheon	214	408	214	408
28	Tommen Baratheon	214	408	214	408
29	Tommen Baratheon	214	408	214	408
30	Tommen Baratheon	214	408	214	408
31	Tommen Baratheon	214	408	214	408
32	Tommen Baratheon	214	408	214	408
33	Tommen Baratheon	214	408	214	408
34	Tommen Baratheon	214	408	214	408
35	Tommen Baratheon	214	408	214	408
36	Tommen Baratheon	214	408	214	408
37	Tommen Baratheon	214	408	214	408
38	Tommen Baratheon	214	408	214	408
39	Tommen Baratheon	214	408	214	408
40	Tommen Baratheon	214	408	214	408
41	Tommen Baratheon	214	408	214	408
42	Tommen Baratheon	214	408	214	408
43	Tommen Baratheon	214	408	214	408
44	Tommen Baratheon	214	408	214	408
45	Tommen Baratheon	214	408	214	408
46	Tommen Baratheon	214	408	214	408
47	Tommen Baratheon	214	408	214	408
1	Rickon Stark	181	198	181	198
2	Rickon Stark	181	198	181	198
3	Rickon Stark	181	198	181	198
4	Rickon Stark	181	198	181	198
5	Rickon Stark	181	198	181	198
6	Rickon Stark	181	198	181	198
7	Rickon Stark	181	198	181	198
8	Rickon Stark	181	198	181	198
9	Rickon Stark	181	198	181	198
10	Rickon Stark	181	198	181	198
11	Rickon Stark	181	198	181	198
12	Rickon Stark	181	198	181	198
13	Rickon Stark	181	198	181	198
14	Rickon Stark	181	198	181	198
15	Rickon Stark	181	198	181	198
16	Rickon Stark	181	198	181	198
17	Rickon Stark	181	198	181	198
18	Rickon Stark	181	198	181	198
19	Rickon Stark	181	198	181	198
20	Rickon Stark	181	198	181	198
21	Rickon Stark	181	198	181	198
22	Rickon Stark	181	198	183	179
23	Rickon Stark	183	179	183	179
24	Rickon Stark	183	179	183	179
25	Rickon Stark	183	179	183	179
26	Rickon Stark	185	168	188	160
27	Rickon Stark	190	158	193	144
28	Rickon Stark	193	144	193	144
29	Rickon Stark	193	144	208	135
3	Barristan Selmy	214	408	214	408
4	Barristan Selmy	214	408	214	408
5	Barristan Selmy	214	408	214	408
6	Barristan Selmy	214	408	214	408
7	Barristan Selmy	214	408	214	408
8	Barristan Selmy	214	408	214	408
9	Barristan Selmy	214	408	214	408
10	Barristan Selmy	214	408	214	408
11	Barristan Selmy	214	408	214	408
12	Barristan Selmy	214	408	214	408
13	Barristan Selmy	214	408	214	408
14	Barristan Selmy	214	408	214	408
15	Barristan Selmy	214	408	214	408
16	Barristan Selmy	214	408	214	408
17	Barristan Selmy	214	408	214	408
18	Barristan Selmy	214	408	214	408
19	Barristan Selmy	214	408	214	408
20	Barristan Selmy	214	408	214	408
21	Barristan Selmy	616	556	616	556
22	Barristan Selmy	616	556	616	556
23	Barristan Selmy	616	556	616	556
24	Barristan Selmy	616	556	616	556
25	Barristan Selmy	616	556	625	540
26	Barristan Selmy	625	540	625	540
27	Barristan Selmy	625	540	627	524
28	Barristan Selmy	627	524	627	524
29	Barristan Selmy	627	524	627	524
30	Barristan Selmy	627	524	627	524
31	Barristan Selmy	627	524	634	510
32	Barristan Selmy	634	510	634	510
33	Barristan Selmy	634	510	637	504
34	Barristan Selmy	637	504	638	499
35	Barristan Selmy	638	499	638	499
36	Barristan Selmy	638	499	638	499
37	Barristan Selmy	638	499	638	499
38	Barristan Selmy	638	499	638	499
39	Barristan Selmy	638	499	638	499
40	Barristan Selmy	638	499	638	499
41	Barristan Selmy	638	499	638	499
42	Barristan Selmy	638	499	638	499
43	Barristan Selmy	638	499	638	499
44	Barristan Selmy	638	499	638	499
4	Gendry	214	408	214	408
5	Gendry	214	408	214	408
6	Gendry	214	408	214	408
7	Gendry	214	408	214	408
8	Gendry	214	408	214	408
9	Gendry	214	408	214	408
10	Gendry	214	408	214	408
11	Gendry	214	408	213	392
12	Gendry	213	392	213	382
13	Gendry	213	382	213	370
14	Gendry	213	370	197	369
15	Gendry	197	369	197	369
16	Gendry	197	369	197	369
17	Gendry	197	369	197	369
18	Gendry	197	369	197	369
19	Gendry	197	369	197	369
20	Gendry	197	369	196	355
21	Gendry	196	355	196	355
22	Gendry	196	355	196	347
23	Gendry	196	347	196	347
24	Gendry	196	347	183	352
25	Gendry	183	352	183	352
26	Gendry	183	352	183	352
27	Gendry	183	352	231	409
28	Gendry	231	409	264	383
29	Gendry	264	383	264	383
30	Gendry	264	383	255	383
1	Hodor	181	198	181	198
2	Hodor	181	198	181	198
3	Hodor	181	198	181	198
4	Hodor	181	198	181	198
5	Hodor	181	198	181	198
6	Hodor	181	198	181	198
7	Hodor	181	198	181	198
8	Hodor	181	198	181	198
9	Hodor	181	198	181	198
10	Hodor	181	198	181	198
11	Hodor	181	198	181	198
12	Hodor	181	198	181	198
13	Hodor	181	198	181	198
14	Hodor	181	198	181	198
15	Hodor	181	198	181	198
16	Hodor	181	198	181	198
17	Hodor	181	198	181	198
18	Hodor	181	198	181	198
19	Hodor	181	198	181	198
20	Hodor	181	198	181	198
21	Hodor	181	198	181	198
22	Hodor	181	198	183	179
23	Hodor	183	179	183	179
24	Hodor	183	179	183	179
25	Hodor	183	179	183	179
26	Hodor	185	168	190	160
27	Hodor	190	160	193	144
28	Hodor	193	144	193	144
29	Hodor	193	144	208	135
30	Hodor	209	135	209	123
31	Hodor	209	123	209	123
32	Hodor	209	123	205	109
33	Hodor	205	109	205	109
34	Hodor	205	109	200	99
35	Hodor	200	99	200	99
36	Hodor	200	99	200	99
37	Hodor	200	99	200	99
38	Hodor	200	99	200	99
39	Hodor	200	99	200	99
40	Hodor	200	99	190	67
4	Gregor Clegane	214	408	214	408
5	Gregor Clegane	214	408	214	408
6	Gregor Clegane	214	408	214	408
7	Gregor Clegane	214	408	214	408
8	Gregor Clegane	214	408	214	408
9	Gregor Clegane	214	408	214	408
10	Gregor Clegane	214	408	214	408
11	Gregor Clegane	214	408	214	408
12	Gregor Clegane	214	408	214	408
13	Gregor Clegane	214	408	214	408
14	Gregor Clegane	197	369	197	369
15	Gregor Clegane	197	369	197	369
16	Gregor Clegane	197	369	197	369
17	Gregor Clegane	197	369	197	369
18	Gregor Clegane	197	369	197	369
19	Gregor Clegane	197	369	197	369
20	Gregor Clegane	197	369	197	369
21	Gregor Clegane	197	369	197	369
22	Gregor Clegane	197	369	197	369
23	Gregor Clegane	197	369	197	369
24	Gregor Clegane	197	369	197	369
25	Gregor Clegane	197	369	197	369
26	Gregor Clegane	197	369	197	369
27	Gregor Clegane	197	369	197	369
28	Gregor Clegane	197	369	197	369
29	Gregor Clegane	197	369	197	369
30	Gregor Clegane	197	369	197	369
31	Gregor Clegane	197	369	197	369
32	Gregor Clegane	197	369	197	369
33	Gregor Clegane	197	369	197	369
34	Gregor Clegane	197	369	197	369
35	Gregor Clegane	197	369	197	369
36	Gregor Clegane	197	369	197	369
37	Gregor Clegane	214	408	214	408
38	Gregor Clegane	214	408	214	408
39	Gregor Clegane	214	408	214	408
40	Gregor Clegane	214	408	214	408
41	Gregor Clegane	214	408	214	408
42	Gregor Clegane	214	408	214	408
43	Gregor Clegane	214	408	214	408
44	Gregor Clegane	214	408	214	408
45	Gregor Clegane	214	408	214	408
46	Gregor Clegane	214	408	214	408
47	Gregor Clegane	214	408	214	408
48	Gregor Clegane	214	408	214	408
49	Gregor Clegane	214	408	214	408
50	Gregor Clegane	214	408	214	408
4	Samwell Tarly	215	121	215	121
5	Samwell Tarly	215	121	215	121
6	Samwell Tarly	215	121	215	121
7	Samwell Tarly	215	121	215	121
8	Samwell Tarly	215	121	215	121
9	Samwell Tarly	215	121	215	121
10	Samwell Tarly	215	121	215	121
11	Samwell Tarly	215	121	200	99
12	Samwell Tarly	200	99	200	99
13	Samwell Tarly	200	99	200	99
14	Samwell Tarly	200	99	200	99
15	Samwell Tarly	200	99	188	93
16	Samwell Tarly	188	93	188	93
17	Samwell Tarly	188	93	188	93
18	Samwell Tarly	188	93	188	93
19	Samwell Tarly	188	93	188	93
20	Samwell Tarly	188	93	188	93
21	Samwell Tarly	188	93	188	93
22	Samwell Tarly	188	93	194	95
23	Samwell Tarly	194	95	200	99
24	Samwell Tarly	200	99	200	99
25	Samwell Tarly	200	99	200	99
26	Samwell Tarly	200	99	202	106
27	Samwell Tarly	202	106	202	106
28	Samwell Tarly	202	106	207	110
29	Samwell Tarly	207	110	209	123
30	Samwell Tarly	209	123	215	121
31	Samwell Tarly	215	121	215	121
32	Samwell Tarly	215	121	215	121
33	Samwell Tarly	215	121	215	121
34	Samwell Tarly	215	121	215	121
35	Samwell Tarly	215	121	215	121
36	Samwell Tarly	215	121	215	121
37	Samwell Tarly	215	121	215	121
38	Samwell Tarly	215	121	215	121
39	Samwell Tarly	215	121	215	121
40	Samwell Tarly	215	121	215	121
41	Samwell Tarly	215	121	215	121
42	Samwell Tarly	215	121	215	121
43	Samwell Tarly	215	121	215	121
44	Samwell Tarly	215	121	215	121
45	Samwell Tarly	215	121	215	121
46	Samwell Tarly	215	121	215	121
47	Samwell Tarly	215	121	215	121
48	Samwell Tarly	215	121	215	121
49	Samwell Tarly	215	121	215	121
50	Samwell Tarly	215	121	215	128
1	Sandor Clegane	181	198	181	198
2	Sandor Clegane	181	198	196	347
3	Sandor Clegane	196	347	196	347
4	Sandor Clegane	214	408	214	408
5	Sandor Clegane	214	408	214	408
6	Sandor Clegane	214	408	214	408
7	Sandor Clegane	214	408	214	408
8	Sandor Clegane	214	408	214	408
9	Sandor Clegane	214	408	214	408
10	Sandor Clegane	214	408	214	408
11	Sandor Clegane	214	408	214	408
12	Sandor Clegane	214	408	214	408
13	Sandor Clegane	214	408	214	408
14	Sandor Clegane	214	408	214	408
15	Sandor Clegane	214	408	214	408
16	Sandor Clegane	214	408	214	408
17	Sandor Clegane	214	408	214	408
18	Sandor Clegane	214	408	214	408
19	Sandor Clegane	214	408	214	408
20	Sandor Clegane	214	408	214	408
21	Sandor Clegane	214	408	214	408
22	Sandor Clegane	196	347	196	347
23	Sandor Clegane	196	347	196	347
24	Sandor Clegane	196	347	183	352
25	Sandor Clegane	183	352	183	352
26	Sandor Clegane	183	352	183	352
27	Sandor Clegane	183	352	181	350
28	Sandor Clegane	181	350	168	332
29	Sandor Clegane	168	332	167	314
30	Sandor Clegane	167	314	172	339
31	Sandor Clegane	172	339	181	351
32	Sandor Clegane	181	351	181	351
33	Sandor Clegane	181	351	189	354
34	Sandor Clegane	189	354	189	354
35	Sandor Clegane	189	354	196	355
36	Sandor Clegane	196	355	196	355
37	Sandor Clegane	196	355	204	354
38	Sandor Clegane	204	354	214	346
39	Sandor Clegane	214	346	214	346
40	Sandor Clegane	214	346	214	346
7	Tywin Lannister	143	368	143	368
8	Tywin Lannister	143	368	178	350
9	Tywin Lannister	178	350	178	350
10	Tywin Lannister	178	350	178	350
11	Tywin Lannister	178	350	178	350
12	Tywin Lannister	178	350	178	350
13	Tywin Lannister	178	350	178	350
14	Tywin Lannister	180	352	197	369
15	Tywin Lannister	197	369	197	369
16	Tywin Lannister	197	369	197	369
17	Tywin Lannister	197	369	197	369
18	Tywin Lannister	197	369	197	369
19	Tywin Lannister	197	369	214	408
20	Tywin Lannister	214	408	214	408
21	Tywin Lannister	214	408	214	408
22	Tywin Lannister	214	408	214	408
23	Tywin Lannister	214	408	214	408
24	Tywin Lannister	214	408	214	408
25	Tywin Lannister	214	408	214	408
26	Tywin Lannister	214	408	214	408
27	Tywin Lannister	214	408	214	408
28	Tywin Lannister	214	408	214	408
29	Tywin Lannister	214	408	214	408
30	Tywin Lannister	214	408	214	408
31	Tywin Lannister	214	408	214	408
32	Tywin Lannister	214	408	214	408
33	Tywin Lannister	214	408	214	408
34	Tywin Lannister	214	408	214	408
35	Tywin Lannister	214	408	214	408
36	Tywin Lannister	214	408	214	408
37	Tywin Lannister	214	408	214	408
38	Tywin Lannister	214	408	214	408
39	Tywin Lannister	214	408	214	408
40	Tywin Lannister	214	408	214	408
4	Bronn	196	347	196	347
5	Bronn	196	347	223	334
6	Bronn	223	334	223	334
7	Bronn	223	334	223	334
8	Bronn	223	334	178	350
9	Bronn	178	350	178	350
10	Bronn	178	350	178	350
11	Bronn	178	350	214	408
12	Bronn	214	408	214	408
13	Bronn	214	408	214	408
14	Bronn	214	408	214	408
15	Bronn	214	408	214	408
16	Bronn	214	408	214	408
17	Bronn	214	408	214	408
18	Bronn	214	408	214	408
19	Bronn	214	408	214	408
20	Bronn	214	408	214	408
21	Bronn	214	408	214	408
22	Bronn	214	408	214	408
23	Bronn	214	408	214	408
24	Bronn	214	408	214	408
25	Bronn	214	408	214	408
26	Bronn	214	408	214	408
27	Bronn	214	408	214	408
28	Bronn	214	408	214	408
29	Bronn	214	408	214	408
30	Bronn	214	408	214	408
31	Bronn	214	408	214	408
32	Bronn	214	408	214	408
33	Bronn	214	408	214	408
34	Bronn	214	408	214	408
35	Bronn	214	408	214	408
36	Bronn	214	408	214	408
37	Bronn	214	408	214	408
38	Bronn	214	408	214	408
39	Bronn	214	408	214	408
40	Bronn	214	408	214	408
41	Bronn	214	408	214	408
42	Bronn	214	408	232	401
43	Bronn	232	401	232	401
44	Bronn	232	401	270	525
45	Bronn	270	525	270	525
46	Bronn	270	525	270	525
47	Bronn	270	525	270	525
48	Bronn	270	525	270	525
49	Bronn	270	525	270	525
50	Bronn	270	525	270	525
1	Jorah Mormont	332	406	332	406
2	Jorah Mormont	332	406	448	407
3	Jorah Mormont	448	407	618	400
4	Jorah Mormont	618	400	759	373
5	Jorah Mormont	759	373	759	373
6	Jorah Mormont	759	373	759	373
7	Jorah Mormont	759	373	733	421
8	Jorah Mormont	733	421	729	490
9	Jorah Mormont	729	490	744	499
10	Jorah Mormont	744	499	744	499
11	Jorah Mormont	744	499	810	540
12	Jorah Mormont	810	540	810	540
13	Jorah Mormont	810	540	810	540
14	Jorah Mormont	810	540	818	597
15	Jorah Mormont	818	597	818	597
16	Jorah Mormont	818	597	818	597
17	Jorah Mormont	818	597	818	597
18	Jorah Mormont	818	597	818	597
19	Jorah Mormont	818	597	818	597
20	Jorah Mormont	818	597	818	597
21	Jorah Mormont	818	597	616	556
22	Jorah Mormont	616	556	616	556
23	Jorah Mormont	616	556	616	556
24	Jorah Mormont	616	556	616	556
25	Jorah Mormont	616	556	625	540
26	Jorah Mormont	625	540	625	540
27	Jorah Mormont	625	540	627	524
28	Jorah Mormont	627	524	627	524
29	Jorah Mormont	627	524	627	524
30	Jorah Mormont	627	524	627	524
31	Jorah Mormont	627	524	634	510
32	Jorah Mormont	634	510	634	510
33	Jorah Mormont	634	510	637	504
34	Jorah Mormont	637	504	638	499
35	Jorah Mormont	638	499	638	499
36	Jorah Mormont	638	499	638	499
37	Jorah Mormont	638	499	638	499
38	Jorah Mormont	638	499	638	499
39	Jorah Mormont	638	499	638	499
40	Jorah Mormont	638	499	638	499
41	Jorah Mormont	638	499	638	499
42	Jorah Mormont	638	499	638	499
43	Jorah Mormont	638	499	444	534
44	Jorah Mormont	444	534	464	581
45	Jorah Mormont	464	581	528	596
46	Jorah Mormont	528	596	547	587
47	Jorah Mormont	547	587	638	499
48	Jorah Mormont	638	499	638	499
49	Jorah Mormont	638	499	638	499
50	Jorah Mormont	638	499	638	499
48	Petyr Baelish	214	408	214	408
49	Petyr Baelish	214	408	214	408
50	Petyr Baelish	214	408	214	408
47	Loras Tyrell	214	408	214	408
48	Loras Tyrell	214	408	214	408
49	Loras Tyrell	214	408	214	408
50	Loras Tyrell	214	408	214	408
48	Margaery Tyrell	214	408	214	408
49	Margaery Tyrell	214	408	214	408
50	Margaery Tyrell	214	408	214	408
28	Thoros of Myr	153	380	153	380
29	Thoros of Myr	153	380	153	380
30	Thoros of Myr	153	380	153	380
31	Thoros of Myr	153	380	153	380
32	Thoros of Myr	153	380	153	380
33	Thoros of Myr	153	380	153	380
34	Thoros of Myr	153	380	153	380
35	Thoros of Myr	153	380	153	380
36	Thoros of Myr	153	380	153	380
37	Thoros of Myr	153	380	153	380
38	Thoros of Myr	153	380	153	380
39	Thoros of Myr	153	380	153	380
40	Thoros of Myr	153	380	153	380
41	Thoros of Myr	153	380	153	380
42	Thoros of Myr	153	380	153	380
43	Thoros of Myr	153	380	153	380
44	Thoros of Myr	153	380	153	380
45	Thoros of Myr	153	380	153	380
46	Thoros of Myr	153	380	153	380
47	Thoros of Myr	153	380	153	380
48	Thoros of Myr	153	380	153	380
49	Thoros of Myr	153	380	153	380
50	Thoros of Myr	153	380	153	380
43	Jaqen H'ghar	330	298	330	298
44	Jaqen H'ghar	330	298	330	298
45	Jaqen H'ghar	330	298	330	298
46	Jaqen H'ghar	330	298	330	298
47	Jaqen H'ghar	330	298	330	298
48	Jaqen H'ghar	330	298	330	298
49	Jaqen H'ghar	330	298	330	298
50	Jaqen H'ghar	330	298	330	298
30	Brynden Tully	167	314	167	314
31	Brynden Tully	167	314	167	314
32	Brynden Tully	167	314	167	314
33	Brynden Tully	167	314	167	314
34	Brynden Tully	167	314	167	314
35	Brynden Tully	167	314	167	314
36	Brynden Tully	167	314	167	314
37	Brynden Tully	167	314	167	314
38	Brynden Tully	167	314	167	314
39	Brynden Tully	167	314	167	314
40	Brynden Tully	167	314	167	314
41	Brynden Tully	167	314	167	314
42	Brynden Tully	167	314	167	314
43	Brynden Tully	167	314	167	314
44	Brynden Tully	167	314	167	314
45	Brynden Tully	167	314	167	314
46	Brynden Tully	167	314	167	314
47	Brynden Tully	167	314	167	314
48	Brynden Tully	167	314	167	314
49	Brynden Tully	167	314	167	314
50	Brynden Tully	167	314	167	314
48	Olenna Tyrell	214	408	214	408
49	Olenna Tyrell	214	408	214	408
50	Olenna Tyrell	214	408	214	408
28	Beric Dondarrion	153	380	153	380
29	Beric Dondarrion	153	380	153	380
30	Beric Dondarrion	153	380	153	380
31	Beric Dondarrion	153	380	153	380
32	Beric Dondarrion	153	380	153	380
33	Beric Dondarrion	153	380	153	380
34	Beric Dondarrion	153	380	153	380
35	Beric Dondarrion	153	380	153	380
36	Beric Dondarrion	153	380	153	380
37	Beric Dondarrion	153	380	153	380
38	Beric Dondarrion	153	380	153	380
39	Beric Dondarrion	153	380	153	380
40	Beric Dondarrion	153	380	153	380
41	Beric Dondarrion	153	380	153	380
42	Beric Dondarrion	153	380	153	380
43	Beric Dondarrion	153	380	153	380
44	Beric Dondarrion	153	380	153	380
45	Beric Dondarrion	153	380	153	380
46	Beric Dondarrion	153	380	153	380
47	Beric Dondarrion	153	380	153	380
48	Beric Dondarrion	153	380	153	380
49	Beric Dondarrion	153	380	153	380
50	Beric Dondarrion	153	380	153	380
41	Meera Reed	190	67	190	67
42	Meera Reed	190	67	190	67
43	Meera Reed	190	67	190	67
44	Meera Reed	190	67	190	67
45	Meera Reed	190	67	190	67
46	Meera Reed	190	67	190	67
47	Meera Reed	190	67	190	67
48	Meera Reed	190	67	190	67
49	Meera Reed	190	67	190	67
50	Meera Reed	190	67	190	67
49	Roose Bolton	181	198	181	198
50	Roose Bolton	181	198	181	198
50	Davos Seaworth	215	121	215	121
38	Yara Greyjoy	104	337	104	337
39	Yara Greyjoy	104	337	104	337
40	Yara Greyjoy	104	337	104	337
41	Yara Greyjoy	104	337	104	337
42	Yara Greyjoy	104	337	104	337
43	Yara Greyjoy	104	337	104	337
44	Yara Greyjoy	104	337	104	337
45	Yara Greyjoy	104	337	104	337
46	Yara Greyjoy	104	337	104	337
47	Yara Greyjoy	104	337	104	337
48	Yara Greyjoy	104	337	104	337
49	Yara Greyjoy	104	337	104	337
50	Yara Greyjoy	104	337	104	337
42	Robin Arryn	273	334	273	334
43	Robin Arryn	273	334	273	334
44	Robin Arryn	273	334	273	334
45	Robin Arryn	273	334	273	334
46	Robin Arryn	273	334	273	334
47	Robin Arryn	273	334	273	334
48	Robin Arryn	273	334	273	334
49	Robin Arryn	273	334	273	334
50	Robin Arryn	273	334	273	334
41	Mance Rayder	215	121	215	121
50	Tormund Giantsbane	215	121	215	121
38	Hot Pie	196	347	196	347
39	Hot Pie	196	347	196	347
40	Hot Pie	196	347	196	347
41	Hot Pie	196	347	196	347
42	Hot Pie	196	347	196	347
43	Hot Pie	196	347	196	347
44	Hot Pie	196	347	196	347
45	Hot Pie	196	347	196	347
46	Hot Pie	196	347	196	347
47	Hot Pie	196	347	196	347
48	Hot Pie	196	347	196	347
49	Hot Pie	196	347	196	347
50	Hot Pie	196	347	196	347
48	Lancel Lannister	214	408	214	408
49	Lancel Lannister	214	408	214	408
50	Lancel Lannister	214	408	214	408
30	Osha	208	135	208	135
31	Osha	208	135	208	135
32	Osha	208	135	208	135
33	Osha	208	135	208	135
34	Osha	208	135	208	135
35	Osha	208	135	208	135
36	Osha	208	135	208	135
37	Osha	208	135	208	135
38	Osha	208	135	208	135
39	Osha	208	135	208	135
40	Osha	208	135	208	135
41	Osha	208	135	208	135
42	Osha	208	135	208	135
43	Osha	208	135	208	135
44	Osha	208	135	208	135
45	Osha	208	135	208	135
46	Osha	208	135	208	135
47	Osha	208	135	208	135
48	Osha	208	135	208	135
49	Osha	208	135	208	135
50	Osha	208	135	208	135
41	Bran Stark	190	67	190	67
42	Bran Stark	190	67	190	67
43	Bran Stark	190	67	190	67
44	Bran Stark	190	67	190	67
45	Bran Stark	190	67	190	67
46	Bran Stark	190	67	190	67
47	Bran Stark	190	67	190	67
48	Bran Stark	190	67	190	67
49	Bran Stark	190	67	190	67
50	Bran Stark	190	67	190	67
48	Tommen Baratheon	214	408	214	408
49	Tommen Baratheon	214	408	214	408
50	Tommen Baratheon	214	408	214	408
30	Rickon Stark	208	135	208	135
31	Rickon Stark	208	135	208	135
32	Rickon Stark	208	135	208	135
33	Rickon Stark	208	135	208	135
34	Rickon Stark	208	135	208	135
35	Rickon Stark	208	135	208	135
36	Rickon Stark	208	135	208	135
37	Rickon Stark	208	135	208	135
38	Rickon Stark	208	135	208	135
39	Rickon Stark	208	135	208	135
40	Rickon Stark	208	135	208	135
41	Rickon Stark	208	135	208	135
42	Rickon Stark	208	135	208	135
43	Rickon Stark	208	135	208	135
44	Rickon Stark	208	135	208	135
45	Rickon Stark	208	135	208	135
46	Rickon Stark	208	135	208	135
47	Rickon Stark	208	135	208	135
48	Rickon Stark	208	135	208	135
49	Rickon Stark	208	135	208	135
50	Rickon Stark	208	135	208	135
31	Gendry	255	383	255	383
32	Gendry	255	383	255	383
33	Gendry	255	383	255	383
34	Gendry	255	383	255	383
35	Gendry	255	383	255	383
36	Gendry	255	383	255	383
37	Gendry	255	383	255	383
38	Gendry	255	383	255	383
39	Gendry	255	383	255	383
40	Gendry	255	383	255	383
41	Gendry	255	383	255	383
42	Gendry	255	383	255	383
43	Gendry	255	383	255	383
44	Gendry	255	383	255	383
45	Gendry	255	383	255	383
46	Gendry	255	383	255	383
47	Gendry	255	383	255	383
48	Gendry	255	383	255	383
49	Gendry	255	383	255	383
50	Gendry	255	383	255	383
41	Hodor	190	67	190	67
42	Hodor	190	67	190	67
43	Hodor	190	67	190	67
44	Hodor	190	67	190	67
45	Hodor	190	67	190	67
46	Hodor	190	67	190	67
47	Hodor	190	67	190	67
48	Hodor	190	67	190	67
49	Hodor	190	67	190	67
50	Hodor	190	67	190	67
41	Sandor Clegane	214	346	214	346
42	Sandor Clegane	214	346	214	346
43	Sandor Clegane	214	346	214	346
44	Sandor Clegane	214	346	214	346
45	Sandor Clegane	214	346	214	346
46	Sandor Clegane	214	346	214	346
47	Sandor Clegane	214	346	214	346
48	Sandor Clegane	214	346	214	346
49	Sandor Clegane	214	346	214	346
50	Sandor Clegane	214	346	214	346
1	Jon Snow	181	198	181	198
2	Jon Snow	181	198	201	161
3	Jon Snow	201	161	215	121
4	Jon Snow	215	121	215	121
5	Jon Snow	215	121	215	121
6	Jon Snow	215	121	215	121
7	Jon Snow	215	121	215	121
8	Jon Snow	215	121	215	121
9	Jon Snow	215	121	215	121
10	Jon Snow	215	121	215	121
11	Jon Snow	215	121	200	99
12	Jon Snow	200	99	200	99
13	Jon Snow	200	99	200	99
14	Jon Snow	200	99	200	99
15	Jon Snow	200	99	188	93
16	Jon Snow	188	93	170	95
17	Jon Snow	170	95	157	96
18	Jon Snow	157	96	157	96
19	Jon Snow	157	96	157	96
20	Jon Snow	157	96	179	89
21	Jon Snow	179	89	179	89
22	Jon Snow	179	89	179	89
23	Jon Snow	179	89	183	90
24	Jon Snow	183	90	183	90
25	Jon Snow	183	90	191	106
26	Jon Snow	191	106	196	121
27	Jon Snow	196	121	198	126
28	Jon Snow	198	126	198	126
29	Jon Snow	198	126	209	126
30	Jon Snow	209	126	215	121
31	Jon Snow	215	121	215	121
32	Jon Snow	215	121	215	121
33	Jon Snow	215	121	215	121
34	Jon Snow	215	121	215	121
35	Jon Snow	215	121	200	99
36	Jon Snow	200	99	200	99
37	Jon Snow	200	99	215	121
39	Jon Snow	215	121	215	121
40	Jon Snow	215	121	215	121
41	Jon Snow	215	121	215	121
42	Jon Snow	215	121	215	121
43	Jon Snow	215	121	215	121
44	Jon Snow	215	121	215	121
45	Jon Snow	215	121	215	121
46	Jon Snow	215	121	215	121
47	Jon Snow	215	121	246	120
48	Jon Snow	246	120	243	95
49	Jon Snow	243	95	215	121
50	Jon Snow	215	121	215	121